smiles,log10(TC),PID,filler,vol%,html,id,rid,expt,Egap_trimer,Eiv_trimer,Eav_trimer,alpha_trimer,mu_trimer,density_filler,Egap_filler,modulus_filler,shape_bit1_filler,shape_bit2_filler,temperature,log10(thickness),crystal,disk,film,heat flow,laser flash,linear,plate,sheet,expt_1,expt_2,expt_3,expt_4,expt_5,expt_7,expt_8,expt_9,expt_10,expt_12,expt_14,expt_15,expt_16,expt_19,expt_26,expt_31,expt_32,expt_33,expt_34,expt_35,expt_36,expt_38,expt_40,expt_43,expt_44,expt_49,expt_50,expt_51,expt_52,expt_53,expt_56,expt_57,expt_60,expt_62,expt_65,expt_66
CCC,-0.6695862266508091,P010001,CB,0.958974358974359,1.0,29468-13-1-1,29468,51,11.4397,11.4585,-4.5506,33.46,0.0556,1.94,0.0,122,1,0,24.0,-1.987162775294828,0,0,0,0,0,0,0,0,0,0,0,0,0,0,0,0,0,0,0,0,0,0,0,0,0,0,0,0,0,0,0,0,0,0,0,1,0,0,0,0,0,0,0,0
CCC,-0.619788758288394,P010001,Al,5.194444444444444,1.0,28774-2-1-1,28774,35,11.4397,11.4585,-4.5506,33.46,0.0556,2.72,0.0,83,1,1,20.0,-2.5228787452803374,1,1,0,0,0,1,0,0,0,0,0,0,0,0,0,0,0,0,0,0,0,0,0,0,0,0,0,1,0,0,0,0,0,0,0,0,0,0,0,0,0,0,0,0
CCC,-0.5883802940367698,P010001,TiO2,2.3086419753086425,1.0,10017-2-1-1,10017,50,11.4397,11.4585,-4.5506,33.46,0.0556,3.86,2.06,179,1,1,153.0,-2.494850021680094,0,0,0,0,0,1,0,0,0,0,0,0,0,0,0,0,0,0,0,0,0,0,0,0,0,0,0,0,0,0,0,0,0,0,1,0,0,0,0,0,0,0,0,0
CCC,-0.413412695328245,P010001,TiO2,2.3086419753086425,1.0,10017-2-1-1,10017,50,11.4397,11.4585,-4.5506,33.46,0.0556,3.86,2.06,179,1,1,48.0,-2.494850021680094,0,0,0,0,0,1,0,0,0,0,0,0,0,0,0,0,0,0,0,0,0,0,0,0,0,0,0,0,0,0,0,0,0,0,1,0,0,0,0,0,0,0,0,0
CCC,-0.5228787452803376,P010001,BN,10.089928057553957,1.0,45008-13-1-1,45008,57,11.4397,11.4585,-4.5506,33.46,0.0556,1.96,4.27,103,0,1,25.0,-2.494850021680094,1,1,0,0,0,1,0,0,0,0,0,0,0,0,0,0,0,0,0,0,0,0,0,0,0,0,0,0,0,0,0,0,0,0,0,0,0,0,0,1,0,0,0,0
CCC,-0.4989407377822485,P010001,Cu,5.0,1.0,44461-1-1-1,44461,53,11.4397,11.4585,-4.5506,33.46,0.0556,9.22,0.0,139,1,1,35.0,-2.560667306169737,0,0,0,0,0,1,0,1,0,0,0,0,0,0,0,0,0,0,0,0,0,0,0,0,0,0,0,0,0,0,0,0,0,0,0,0,0,1,0,0,0,0,0,0
CCC,-0.4962093169428189,P010001,Cu,10.0,1.0,44461-2-1-1,44461,53,11.4397,11.4585,-4.5506,33.46,0.0556,9.22,0.0,139,1,1,35.0,-2.560667306169737,0,0,0,0,0,1,0,1,0,0,0,0,0,0,0,0,0,0,0,0,0,0,0,0,0,0,0,0,0,0,0,0,0,0,0,0,0,1,0,0,0,0,0,0
CCC,-0.4934949675951279,P010001,Cu,20.0,1.0,44461-3-1-1,44461,53,11.4397,11.4585,-4.5506,33.46,0.0556,9.22,0.0,139,1,1,35.0,-2.560667306169737,0,0,0,0,0,1,0,1,0,0,0,0,0,0,0,0,0,0,0,0,0,0,0,0,0,0,0,0,0,0,0,0,0,0,0,0,0,1,0,0,0,0,0,0
CCC,-0.4762535331884355,P010001,Cu,30.0,1.0,44461-4-1-1,44461,53,11.4397,11.4585,-4.5506,33.46,0.0556,9.22,0.0,139,1,1,35.0,-2.560667306169737,0,0,0,0,0,1,0,1,0,0,0,0,0,0,0,0,0,0,0,0,0,0,0,0,0,0,0,0,0,0,0,0,0,0,0,0,0,1,0,0,0,0,0,0
CCC,-0.4271283977995198,P010001,Al,1.7314814814814814,1.0,26874-2-1-1,26874,44,11.4397,11.4585,-4.5506,33.46,0.0556,2.72,0.0,83,1,1,35.0,-0.8538719643217619,0,0,1,0,0,1,0,0,0,0,0,0,0,0,0,0,0,0,0,0,0,0,0,0,0,0,0,0,0,0,0,0,1,0,0,0,0,0,0,0,0,0,0,0
CCC,-0.4089353929735008,P010001,BN,13.453237410071942,1.0,45008-14-1-1,45008,57,11.4397,11.4585,-4.5506,33.46,0.0556,1.96,4.27,103,0,1,25.0,-2.494850021680094,1,1,0,0,0,1,0,0,0,0,0,0,0,0,0,0,0,0,0,0,0,0,0,0,0,0,0,0,0,0,0,0,0,0,0,0,0,0,0,1,0,0,0,0
CCC,-0.3979400086720376,P010001,GR,8.657407407407407,1.0,47732-2-1-1,47732,19,11.4397,11.4585,-4.5506,33.46,0.0556,1.94,0.0,122,0,1,23.0,-2.5228787452803374,0,0,0,0,0,1,0,1,0,0,0,0,0,0,0,0,0,0,0,0,0,1,0,0,0,0,0,0,0,0,0,0,0,0,0,0,0,0,0,0,0,0,0,0
CCC,-0.3767507096020995,P010001,Cu,5.0,1.0,15201-5-1-2,15201,1,11.4397,11.4585,-4.5506,33.46,0.0556,9.22,0.0,139,1,1,50.0,-2.3010299956639813,0,1,0,0,0,1,0,0,1,0,0,0,0,0,0,0,0,0,0,0,0,0,0,0,0,0,0,0,0,0,0,0,0,0,0,0,0,0,0,0,0,0,0,0
CCC,-0.3767507096020995,P010001,Cu,5.0,1.0,15201-2-1-2,15201,1,11.4397,11.4585,-4.5506,33.46,0.0556,9.22,0.0,139,1,1,50.0,-2.3010299956639813,0,1,0,0,0,1,0,0,1,0,0,0,0,0,0,0,0,0,0,0,0,0,0,0,0,0,0,0,0,0,0,0,0,0,0,0,0,0,0,0,0,0,0,0
CCC,-0.3665315444204134,P010001,CB,21.28923076923077,1.0,12639-5-1-1,12639,12,11.4397,11.4585,-4.5506,33.46,0.0556,1.94,0.0,122,1,0,35.0,-2.920818753952376,0,0,0,0,0,1,0,1,0,0,0,0,0,0,0,0,0,1,0,0,0,0,0,0,0,0,0,0,0,0,0,0,0,0,0,0,0,0,0,0,0,0,0,0
CCC,-0.3665315444204134,P010001,CB,13.905128205128204,1.0,12639-2-1-1,12639,12,11.4397,11.4585,-4.5506,33.46,0.0556,1.94,0.0,122,1,0,35.0,-2.920818753952376,0,0,0,0,0,1,0,1,0,0,0,0,0,0,0,0,0,1,0,0,0,0,0,0,0,0,0,0,0,0,0,0,0,0,0,0,0,0,0,0,0,0,0,0
CCC,-0.3605135107314139,P010001,CB,13.905128205128204,1.0,12639-9-1-1,12639,12,11.4397,11.4585,-4.5506,33.46,0.0556,1.94,0.0,122,1,0,35.0,-2.920818753952376,0,0,0,0,0,1,0,1,0,0,0,0,0,0,0,0,0,1,0,0,0,0,0,0,0,0,0,0,0,0,0,0,0,0,0,0,0,0,0,0,0,0,0,0
CCC,-0.3555614105321614,P010001,Al,6.925925925925926,1.0,26874-3-1-1,26874,44,11.4397,11.4585,-4.5506,33.46,0.0556,2.72,0.0,83,1,1,35.0,-0.8538719643217619,0,0,1,0,0,1,0,0,0,0,0,0,0,0,0,0,0,0,0,0,0,0,0,0,0,0,0,0,0,0,0,0,1,0,0,0,0,0,0,0,0,0,0,0
CCC,-0.348721986001856,P010001,CB,16.78205128205128,1.0,26874-5-1-1,26874,44,11.4397,11.4585,-4.5506,33.46,0.0556,1.94,0.0,122,1,0,35.0,-0.8538719643217619,0,0,1,0,0,1,0,0,0,0,0,0,0,0,0,0,0,0,0,0,0,0,0,0,0,0,0,0,0,0,0,0,1,0,0,0,0,0,0,0,0,0,0,0
CCC,-0.3142582613977364,P010001,CB,21.28923076923077,1.0,12639-10-1-1,12639,12,11.4397,11.4585,-4.5506,33.46,0.0556,1.94,0.0,122,1,0,35.0,-2.920818753952376,0,0,0,0,0,1,0,1,0,0,0,0,0,0,0,0,0,1,0,0,0,0,0,0,0,0,0,0,0,0,0,0,0,0,0,0,0,0,0,0,0,0,0,0
CCC,-0.2890368810047242,P010001,Al,12.12037037037037,1.0,26874-4-1-1,26874,44,11.4397,11.4585,-4.5506,33.46,0.0556,2.72,0.0,83,1,1,35.0,-0.8538719643217619,0,0,1,0,0,1,0,0,0,0,0,0,0,0,0,0,0,0,0,0,0,0,0,0,0,0,0,0,0,0,0,0,1,0,0,0,0,0,0,0,0,0,0,0
CCC,-0.2839966563652008,P010001,BN,16.81654676258993,1.0,45008-15-1-1,45008,57,11.4397,11.4585,-4.5506,33.46,0.0556,1.96,4.27,103,0,1,25.0,-2.494850021680094,1,1,0,0,0,1,0,0,0,0,0,0,0,0,0,0,0,0,0,0,0,0,0,0,0,0,0,0,0,0,0,0,0,0,0,0,0,0,0,1,0,0,0,0
CCC,-0.2716462179787715,P010001,CB,21.28923076923077,1.0,12639-6-1-1,12639,12,11.4397,11.4585,-4.5506,33.46,0.0556,1.94,0.0,122,1,0,35.0,-2.920818753952376,0,0,0,0,0,1,0,1,0,0,0,0,0,0,0,0,0,1,0,0,0,0,0,0,0,0,0,0,0,0,0,0,0,0,0,0,0,0,0,0,0,0,0,0
CCC,-0.2533658010624212,P010001,CB,21.28923076923077,1.0,12639-3-1-1,12639,12,11.4397,11.4585,-4.5506,33.46,0.0556,1.94,0.0,122,1,0,35.0,-2.920818753952376,0,0,0,0,0,1,0,1,0,0,0,0,0,0,0,0,0,1,0,0,0,0,0,0,0,0,0,0,0,0,0,0,0,0,0,0,0,0,0,0,0,0,0,0
CCC,-0.2518119729937995,P010001,BN,1.2,1.0,47223-6-1-1,47223,5,11.4397,11.4585,-4.5506,33.46,0.0556,1.96,4.27,103,0,1,30.0,-2.6989700043360187,0,0,0,0,0,1,0,1,0,0,0,0,1,0,0,0,0,0,0,0,0,0,0,0,0,0,0,0,0,0,0,0,0,0,0,0,0,0,0,0,0,0,0,0
CCC,-0.2518119729937995,P010001,BN,1.2,1.0,47223-14-1-1,47223,5,11.4397,11.4585,-4.5506,33.46,0.0556,1.96,4.27,103,0,1,30.0,-2.6989700043360187,0,0,0,0,0,1,0,1,0,0,0,0,1,0,0,0,0,0,0,0,0,0,0,0,0,0,0,0,0,0,0,0,0,0,0,0,0,0,0,0,0,0,0,0
CCC,-0.2441251443275086,P010001,CB,21.28923076923077,1.0,12639-7-1-1,12639,12,11.4397,11.4585,-4.5506,33.46,0.0556,1.94,0.0,122,1,0,35.0,-2.920818753952376,0,0,0,0,0,1,0,1,0,0,0,0,0,0,0,0,0,1,0,0,0,0,0,0,0,0,0,0,0,0,0,0,0,0,0,0,0,0,0,0,0,0,0,0
CCC,-0.2365720064370627,P010001,BN,1.2,1.0,47223-16-1-1,47223,5,11.4397,11.4585,-4.5506,33.46,0.0556,1.96,4.27,103,0,1,30.0,-2.6989700043360187,0,0,0,0,0,1,0,1,0,0,0,0,1,0,0,0,0,0,0,0,0,0,0,0,0,0,0,0,0,0,0,0,0,0,0,0,0,0,0,0,0,0,0,0
CCC,-0.2365720064370627,P010001,BN,1.2,1.0,47223-10-1-1,47223,5,11.4397,11.4585,-4.5506,33.46,0.0556,1.96,4.27,103,0,1,30.0,-2.6989700043360187,0,0,0,0,0,1,0,1,0,0,0,0,1,0,0,0,0,0,0,0,0,0,0,0,0,0,0,0,0,0,0,0,0,0,0,0,0,0,0,0,0,0,0,0
CCC,-0.2365720064370627,P010001,BN,1.2,1.0,47223-2-1-1,47223,5,11.4397,11.4585,-4.5506,33.46,0.0556,1.96,4.27,103,0,1,30.0,-2.6989700043360187,0,0,0,0,0,1,0,1,0,0,0,0,1,0,0,0,0,0,0,0,0,0,0,0,0,0,0,0,0,0,0,0,0,0,0,0,0,0,0,0,0,0,0,0
CCC,-0.2218487496163564,P010001,BN,10.089928057553957,1.0,45008-1-1-1,45008,57,11.4397,11.4585,-4.5506,33.46,0.0556,1.96,4.27,103,0,1,25.0,-2.494850021680094,1,0,0,0,0,1,0,0,0,0,0,0,0,0,0,0,0,0,0,0,0,0,0,0,0,0,0,0,0,0,0,0,0,0,0,0,0,0,0,1,0,0,0,0
CCC,-0.2218487496163564,P010001,BN,10.089928057553957,1.0,45008-5-1-1,45008,57,11.4397,11.4585,-4.5506,33.46,0.0556,1.96,4.27,103,0,1,25.0,-2.494850021680094,1,0,0,0,0,1,0,0,0,0,0,0,0,0,0,0,0,0,0,0,0,0,0,0,0,0,0,0,0,0,0,0,0,0,0,0,0,0,0,1,0,0,0,0
CCC,-0.2218487496163564,P010001,BN,5.0,1.0,47223-11-1-1,47223,5,11.4397,11.4585,-4.5506,33.46,0.0556,1.96,4.27,103,0,1,30.0,-2.6989700043360187,0,0,0,0,0,1,0,1,0,0,0,0,1,0,0,0,0,0,0,0,0,0,0,0,0,0,0,0,0,0,0,0,0,0,0,0,0,0,0,0,0,0,0,0
CCC,-0.2076083105017461,P010001,BN,13.453237410071942,1.0,45008-6-1-1,45008,57,11.4397,11.4585,-4.5506,33.46,0.0556,1.96,4.27,103,0,1,25.0,-2.494850021680094,1,0,0,0,0,1,0,0,0,0,0,0,0,0,0,0,0,0,0,0,0,0,0,0,0,0,0,0,0,0,0,0,0,0,0,0,0,0,0,1,0,0,0,0
CCC,-0.2006594505464183,P010001,CB,23.0,1.0,40441-3-1-1,40441,8,11.4397,11.4585,-4.5506,33.46,0.0556,1.94,0.0,122,1,0,50.0,-1.0969100130080565,1,0,0,0,1,1,0,1,0,0,0,0,0,0,1,0,0,0,0,0,0,0,0,0,0,0,0,0,0,0,0,0,0,0,0,0,0,0,0,0,0,0,0,0
CCC,-0.1870866433571444,P010001,CB,23.0,2.0,40441-3-1-1,40441,8,11.4397,11.4585,-4.5506,33.46,0.0556,1.94,0.0,122,1,0,35.0,-1.0969100130080565,1,0,0,0,1,1,0,1,0,0,0,0,0,0,1,0,0,0,0,0,0,0,0,0,0,0,0,0,0,0,0,0,0,0,0,0,0,0,0,0,0,0,0,0
CCC,-0.1938200260161128,P010001,BN,10.0,1.0,47223-12-1-1,47223,5,11.4397,11.4585,-4.5506,33.46,0.0556,1.96,4.27,103,0,1,30.0,-2.6989700043360187,0,0,0,0,0,1,0,1,0,0,0,0,1,0,0,0,0,0,0,0,0,0,0,0,0,0,0,0,0,0,0,0,0,0,0,0,0,0,0,0,0,0,0,0
CCC,-0.1938200260161128,P010001,BN,5.0,1.0,47223-3-1-1,47223,5,11.4397,11.4585,-4.5506,33.46,0.0556,1.96,4.27,103,0,1,30.0,-2.6989700043360187,0,0,0,0,0,1,0,1,0,0,0,0,1,0,0,0,0,0,0,0,0,0,0,0,0,0,0,0,0,0,0,0,0,0,0,0,0,0,0,0,0,0,0,0
CCC,-0.1817741063860445,P010001,CB,28.76923076923077,2.0,12639-4-1-1,12639,12,11.4397,11.4585,-4.5506,33.46,0.0556,1.94,0.0,122,1,0,35.0,-2.920818753952376,0,0,0,0,0,1,0,1,0,0,0,0,0,0,0,0,0,1,0,0,0,0,0,0,0,0,0,0,0,0,0,0,0,0,0,0,0,0,0,0,0,0,0,0
CCC,-0.1739251972991735,P010001,BN,5.7,2.0,47223-7-1-1,47223,5,11.4397,11.4585,-4.5506,33.46,0.0556,1.96,4.27,103,0,1,30.0,-2.6989700043360187,0,0,0,0,0,1,0,1,0,0,0,0,1,0,0,0,0,0,0,0,0,0,0,0,0,0,0,0,0,0,0,0,0,0,0,0,0,0,0,0,0,0,0,0
CCC,-0.1674910872937636,P010001,BN,10.089928057553957,2.0,45008-9-1-1,45008,57,11.4397,11.4585,-4.5506,33.46,0.0556,1.96,4.27,103,0,1,25.0,-2.494850021680094,1,0,0,0,0,1,0,0,0,0,0,0,0,0,0,0,0,0,0,0,0,0,0,0,0,0,0,0,0,0,0,0,0,0,0,0,0,0,0,1,0,0,0,0
CCC,-0.1549019599857432,P010001,BN,13.453237410071942,2.0,45008-2-1-1,45008,57,11.4397,11.4585,-4.5506,33.46,0.0556,1.96,4.27,103,0,1,25.0,-2.494850021680094,1,0,0,0,0,1,0,0,0,0,0,0,0,0,0,0,0,0,0,0,0,0,0,0,0,0,0,0,0,0,0,0,0,0,0,0,0,0,0,1,0,0,0,0
CCC,-0.1426675035687315,P010001,BN,15.0,2.0,47223-13-1-1,47223,5,11.4397,11.4585,-4.5506,33.46,0.0556,1.96,4.27,103,0,1,30.0,-2.6989700043360187,0,0,0,0,0,1,0,1,0,0,0,0,1,0,0,0,0,0,0,0,0,0,0,0,0,0,0,0,0,0,0,0,0,0,0,0,0,0,0,0,0,0,0,0
CCC,-0.1249387366082999,P010001,Cu,15.0,2.0,15201-6-1-2,15201,1,11.4397,11.4585,-4.5506,33.46,0.0556,9.22,0.0,139,1,1,50.0,-2.3010299956639813,0,1,0,0,0,1,0,0,1,0,0,0,0,0,0,0,0,0,0,0,0,0,0,0,0,0,0,0,0,0,0,0,0,0,0,0,0,0,0,0,0,0,0,0
CCC,-0.1249387366082999,P010001,BN,10.089928057553957,2.0,45008-13-1-5,45008,57,11.4397,11.4585,-4.5506,33.46,0.0556,1.96,4.27,103,0,1,25.0,-2.494850021680094,1,1,0,0,0,1,0,0,0,0,0,0,0,0,0,0,0,0,0,0,0,0,0,0,0,0,0,0,0,0,0,0,0,0,0,0,0,0,0,1,0,0,0,0
CCC,-0.1191864077192086,P010001,BN,9.7,2.0,47223-8-1-1,47223,5,11.4397,11.4585,-4.5506,33.46,0.0556,1.96,4.27,103,0,1,30.0,-2.6989700043360187,0,0,0,0,0,1,0,1,0,0,0,0,1,0,0,0,0,0,0,0,0,0,0,0,0,0,0,0,0,0,0,0,0,0,0,0,0,0,0,0,0,0,0,0
CCC,-0.0969100130080563,P010001,BN,10.089928057553957,2.0,45008-13-1-2,45008,57,11.4397,11.4585,-4.5506,33.46,0.0556,1.96,4.27,103,0,1,25.0,-2.494850021680094,1,0,0,0,0,1,0,0,0,0,0,0,0,0,0,0,0,0,0,0,0,0,0,0,0,0,0,0,0,0,0,0,0,0,0,0,0,0,0,1,0,0,0,0
CCC,-0.0969100130080563,P010001,Cu,10.0,2.0,14370-8-1-1,14370,49,11.4397,11.4585,-4.5506,33.46,0.0556,9.22,0.0,139,1,1,-173.0,-2.494850021680094,0,1,0,0,1,1,0,0,0,0,0,0,0,0,0,0,0,0,0,0,0,0,0,0,0,0,0,0,0,0,0,0,0,1,0,0,0,0,0,0,0,0,0,0
CCC,-0.0969100130080563,P010001,BN,10.089928057553957,2.0,45008-13-1-6,45008,57,11.4397,11.4585,-4.5506,33.46,0.0556,1.96,4.27,103,0,1,25.0,-2.494850021680094,1,1,0,0,0,1,0,0,0,0,0,0,0,0,0,0,0,0,0,0,0,0,0,0,0,0,0,0,0,0,0,0,0,0,0,0,0,0,0,1,0,0,0,0
CCC,-0.0969100130080563,P010001,BN,16.81654676258993,2.0,45008-7-1-1,45008,57,11.4397,11.4585,-4.5506,33.46,0.0556,1.96,4.27,103,0,1,25.0,-2.494850021680094,1,0,0,0,0,1,0,0,0,0,0,0,0,0,0,0,0,0,0,0,0,0,0,0,0,0,0,0,0,0,0,0,0,0,0,0,0,0,0,1,0,0,0,0
CCC,-0.0757207139381183,P010001,BN,13.453237410071942,2.0,45008-10-1-1,45008,57,11.4397,11.4585,-4.5506,33.46,0.0556,1.96,4.27,103,0,1,25.0,-2.494850021680094,1,0,0,0,0,1,0,0,0,0,0,0,0,0,0,0,0,0,0,0,0,0,0,0,0,0,0,0,0,0,0,0,0,0,0,0,0,0,0,1,0,0,0,0
CCC,-0.0757207139381183,P010001,BN,20.17985611510792,2.0,45008-8-1-1,45008,57,11.4397,11.4585,-4.5506,33.46,0.0556,1.96,4.27,103,0,1,25.0,-2.494850021680094,1,0,0,0,0,1,0,0,0,0,0,0,0,0,0,0,0,0,0,0,0,0,0,0,0,0,0,0,0,0,0,0,0,0,0,0,0,0,0,1,0,0,0,0
CCC,-0.0757207139381183,P010001,BN,11.2,2.0,47223-4-1-1,47223,5,11.4397,11.4585,-4.5506,33.46,0.0556,1.96,4.27,103,0,1,30.0,-2.6989700043360187,0,0,0,0,0,1,0,1,0,0,0,0,1,0,0,0,0,0,0,0,0,0,0,0,0,0,0,0,0,0,0,0,0,0,0,0,0,0,0,0,0,0,0,0
CCC,-0.0655015487564322,P010001,BN,20.17985611510792,2.0,45008-16-1-1,45008,57,11.4397,11.4585,-4.5506,33.46,0.0556,1.96,4.27,103,0,1,25.0,-2.494850021680094,1,1,0,0,0,1,0,0,0,0,0,0,0,0,0,0,0,0,0,0,0,0,0,0,0,0,0,0,0,0,0,0,0,0,0,0,0,0,0,1,0,0,0,0
CCC,-0.0457574905606751,P010001,GR,8.657407407407407,2.0,47732-5-1-1,47732,19,11.4397,11.4585,-4.5506,33.46,0.0556,1.94,0.0,122,0,1,23.0,-2.5228787452803374,0,0,0,0,0,1,0,1,0,0,0,0,0,0,0,0,0,0,0,0,0,1,0,0,0,0,0,0,0,0,0,0,0,0,0,0,0,0,0,0,0,0,0,0
CCC,-0.0457574905606751,P010001,GR,17.314814814814813,2.0,47732-3-1-1,47732,19,11.4397,11.4585,-4.5506,33.46,0.0556,1.94,0.0,122,0,1,23.0,-2.5228787452803374,0,0,0,0,0,1,0,1,0,0,0,0,0,0,0,0,0,0,0,0,0,1,0,0,0,0,0,0,0,0,0,0,0,0,0,0,0,0,0,0,0,0,0,0
CCC,-0.0457574905606751,P010001,GR,8.657407407407407,2.0,47732-8-1-1,47732,19,11.4397,11.4585,-4.5506,33.46,0.0556,1.94,0.0,122,0,1,23.0,-2.5228787452803374,0,0,0,0,0,1,0,1,0,0,0,0,0,0,0,0,0,0,0,0,0,1,0,0,0,0,0,0,0,0,0,0,0,0,0,0,0,0,0,0,0,0,0,0
CCC,-0.0409586076789063,P010001,BN,15.3,2.0,47223-17-1-1,47223,5,11.4397,11.4585,-4.5506,33.46,0.0556,1.96,4.27,103,0,1,30.0,-2.6989700043360187,0,0,0,0,0,1,0,1,0,0,0,0,1,0,0,0,0,0,0,0,0,0,0,0,0,0,0,0,0,0,0,0,0,0,0,0,0,0,0,0,0,0,0,0
CCC,-0.0409586076789063,P010001,BN,15.4,2.0,47223-9-1-1,47223,5,11.4397,11.4585,-4.5506,33.46,0.0556,1.96,4.27,103,0,1,30.0,-2.6989700043360187,0,0,0,0,0,1,0,1,0,0,0,0,1,0,0,0,0,0,0,0,0,0,0,0,0,0,0,0,0,0,0,0,0,0,0,0,0,0,0,0,0,0,0,0
CCC,-0.0315170514460648,P010001,BN,15.6,2.0,47223-5-1-1,47223,5,11.4397,11.4585,-4.5506,33.46,0.0556,1.96,4.27,103,0,1,30.0,-2.6989700043360187,0,0,0,0,0,1,0,1,0,0,0,0,1,0,0,0,0,0,0,0,0,0,0,0,0,0,0,0,0,0,0,0,0,0,0,0,0,0,0,0,0,0,0,0
CCC,-0.0268721464003013,P010001,BN,15.8,2.0,47223-15-1-1,47223,5,11.4397,11.4585,-4.5506,33.46,0.0556,1.96,4.27,103,0,1,30.0,-2.6989700043360187,0,0,0,0,0,1,0,1,0,0,0,0,1,0,0,0,0,0,0,0,0,0,0,0,0,0,0,0,0,0,0,0,0,0,0,0,0,0,0,0,0,0,0,0
CCC,-0.0268721464003013,P010001,BN,13.453237410071942,2.0,45008-14-1-5,45008,57,11.4397,11.4585,-4.5506,33.46,0.0556,1.96,4.27,103,0,1,25.0,-2.494850021680094,1,1,0,0,0,1,0,0,0,0,0,0,0,0,0,0,0,0,0,0,0,0,0,0,0,0,0,0,0,0,0,0,0,0,0,0,0,0,0,1,0,0,0,0
CCC,-0.0177287669604316,P010001,Cu,15.0,2.0,15201-3-1-2,15201,1,11.4397,11.4585,-4.5506,33.46,0.0556,9.22,0.0,139,1,1,50.0,-2.3010299956639813,0,1,0,0,0,1,0,0,1,0,0,0,0,0,0,0,0,0,0,0,0,0,0,0,0,0,0,0,0,0,0,0,0,0,0,0,0,0,0,0,0,0,0,0
CCC,-0.00436480540245,P010001,BN,13.453237410071942,2.0,45008-14-1-2,45008,57,11.4397,11.4585,-4.5506,33.46,0.0556,1.96,4.27,103,0,1,25.0,-2.494850021680094,1,0,0,0,0,1,0,0,0,0,0,0,0,0,0,0,0,0,0,0,0,0,0,0,0,0,0,0,0,0,0,0,0,0,0,0,0,0,0,1,0,0,0,0
CCC,0.0,P010001,BN,16.81654676258993,2.0,45008-3-1-1,45008,57,11.4397,11.4585,-4.5506,33.46,0.0556,1.96,4.27,103,0,1,25.0,-2.494850021680094,1,0,0,0,0,1,0,0,0,0,0,0,0,0,0,0,0,0,0,0,0,0,0,0,0,0,0,0,0,0,0,0,0,0,0,0,0,0,0,1,0,0,0,0
CCC,0.0,P010001,BN,13.453237410071942,2.0,45008-14-1-6,45008,57,11.4397,11.4585,-4.5506,33.46,0.0556,1.96,4.27,103,0,1,25.0,-2.494850021680094,1,1,0,0,0,1,0,0,0,0,0,0,0,0,0,0,0,0,0,0,0,0,0,0,0,0,0,0,0,0,0,0,0,0,0,0,0,0,0,1,0,0,0,0
CCC,0.0170333392987803,P010001,BN,16.81654676258993,2.0,45008-15-1-6,45008,57,11.4397,11.4585,-4.5506,33.46,0.0556,1.96,4.27,103,0,1,25.0,-2.494850021680094,1,1,0,0,0,1,0,0,0,0,0,0,0,0,0,0,0,0,0,0,0,0,0,0,0,0,0,0,0,0,0,0,0,0,0,0,0,0,0,1,0,0,0,0
CCC,0.0253058652647702,P010001,BN,16.81654676258993,2.0,45008-15-1-2,45008,57,11.4397,11.4585,-4.5506,33.46,0.0556,1.96,4.27,103,0,1,25.0,-2.494850021680094,1,0,0,0,0,1,0,0,0,0,0,0,0,0,0,0,0,0,0,0,0,0,0,0,0,0,0,0,0,0,0,0,0,0,0,0,0,0,0,1,0,0,0,0
CCC,0.041392685158225,P010001,BN,16.81654676258993,2.0,45008-11-1-1,45008,57,11.4397,11.4585,-4.5506,33.46,0.0556,1.96,4.27,103,0,1,25.0,-2.494850021680094,1,0,0,0,0,1,0,0,0,0,0,0,0,0,0,0,0,0,0,0,0,0,0,0,0,0,0,0,0,0,0,0,0,0,0,0,0,0,0,1,0,0,0,0
CCC,0.0791812460476248,P010001,BN,10.089928057553957,2.0,45008-5-1-2,45008,57,11.4397,11.4585,-4.5506,33.46,0.0556,1.96,4.27,103,0,1,25.0,-2.0,1,0,0,0,0,1,0,0,0,0,0,0,0,0,0,0,0,0,0,0,0,0,0,0,0,0,0,0,0,0,0,0,0,0,0,0,0,0,0,1,0,0,0,0
CCC,0.0899051114393979,P010001,BN,16.81654676258993,2.0,45008-15-1-5,45008,57,11.4397,11.4585,-4.5506,33.46,0.0556,1.96,4.27,103,0,1,25.0,-2.494850021680094,1,1,0,0,0,1,0,0,0,0,0,0,0,0,0,0,0,0,0,0,0,0,0,0,0,0,0,0,0,0,0,0,0,0,0,0,0,0,0,1,0,0,0,0
CCC,0.146128035678238,P010001,GR,25.97222222222222,2.0,47732-4-1-1,47732,19,11.4397,11.4585,-4.5506,33.46,0.0556,1.94,0.0,122,0,1,23.0,-2.5228787452803374,0,0,0,0,0,1,0,1,0,0,0,0,0,0,0,0,0,0,0,0,0,1,0,0,0,0,0,0,0,0,0,0,0,0,0,0,0,0,0,0,0,0,0,0
CCC,0.1760912590556812,P010001,BN,20.17985611510792,2.0,45008-16-1-6,45008,57,11.4397,11.4585,-4.5506,33.46,0.0556,1.96,4.27,103,0,1,25.0,-2.494850021680094,1,1,0,0,0,1,0,0,0,0,0,0,0,0,0,0,0,0,0,0,0,0,0,0,0,0,0,0,0,0,0,0,0,0,0,0,0,0,0,1,0,0,0,0
CCC,0.1760912590556812,P010001,BN,20.17985611510792,2.0,45008-4-1-1,45008,57,11.4397,11.4585,-4.5506,33.46,0.0556,1.96,4.27,103,0,1,25.0,-2.494850021680094,1,0,0,0,0,1,0,0,0,0,0,0,0,0,0,0,0,0,0,0,0,0,0,0,0,0,0,0,0,0,0,0,0,0,0,0,0,0,0,1,0,0,0,0
CCC,0.1760912590556812,P010001,BN,20.17985611510792,2.0,45008-16-1-2,45008,57,11.4397,11.4585,-4.5506,33.46,0.0556,1.96,4.27,103,0,1,25.0,-2.494850021680094,1,0,0,0,0,1,0,0,0,0,0,0,0,0,0,0,0,0,0,0,0,0,0,0,0,0,0,0,0,0,0,0,0,0,0,0,0,0,0,1,0,0,0,0
CCC,0.2148438480476978,P010001,BN,20.17985611510792,2.0,45008-12-1-1,45008,57,11.4397,11.4585,-4.5506,33.46,0.0556,1.96,4.27,103,0,1,25.0,-2.494850021680094,1,0,0,0,0,1,0,0,0,0,0,0,0,0,0,0,0,0,0,0,0,0,0,0,0,0,0,0,0,0,0,0,0,0,0,0,0,0,0,1,0,0,0,0
CCC,0.255272505103306,P010001,BN,10.089928057553957,2.0,45008-9-1-2,45008,57,11.4397,11.4585,-4.5506,33.46,0.0556,1.96,4.27,103,0,1,25.0,-2.0,1,0,0,0,0,1,0,0,0,0,0,0,0,0,0,0,0,0,0,0,0,0,0,0,0,0,0,0,0,0,0,0,0,0,0,0,0,0,0,1,0,0,0,0
CCC,0.255272505103306,P010001,BN,13.453237410071942,2.0,45008-6-1-2,45008,57,11.4397,11.4585,-4.5506,33.46,0.0556,1.96,4.27,103,0,1,25.0,-2.0,1,0,0,0,0,1,0,0,0,0,0,0,0,0,0,0,0,0,0,0,0,0,0,0,0,0,0,0,0,0,0,0,0,0,0,0,0,0,0,1,0,0,0,0
CCC,0.255272505103306,P010001,BN,10.089928057553957,2.0,45008-1-1-2,45008,57,11.4397,11.4585,-4.5506,33.46,0.0556,1.96,4.27,103,0,1,25.0,-2.0,1,0,0,0,0,1,0,0,0,0,0,0,0,0,0,0,0,0,0,0,0,0,0,0,0,0,0,0,0,0,0,0,0,0,0,0,0,0,0,1,0,0,0,0
CCC,0.2787536009528289,P010001,GR,17.314814814814813,2.0,47732-6-1-1,47732,19,11.4397,11.4585,-4.5506,33.46,0.0556,1.94,0.0,122,0,1,23.0,-2.5228787452803374,0,0,0,0,0,1,0,1,0,0,0,0,0,0,0,0,0,0,0,0,0,1,0,0,0,0,0,0,0,0,0,0,0,0,0,0,0,0,0,0,0,0,0,0
CCC,0.3010299956639812,P010001,GR,17.314814814814813,2.0,47732-9-1-1,47732,19,11.4397,11.4585,-4.5506,33.46,0.0556,1.94,0.0,122,0,1,23.0,-2.5228787452803374,0,0,0,0,0,1,0,1,0,0,0,0,0,0,0,0,0,0,0,0,0,1,0,0,0,0,0,0,0,0,0,0,0,0,0,0,0,0,0,0,0,0,0,0
CCC,0.3138672203691534,P010001,BN,20.17985611510792,2.0,45008-16-1-5,45008,57,11.4397,11.4585,-4.5506,33.46,0.0556,1.96,4.27,103,0,1,25.0,-2.494850021680094,1,1,0,0,0,1,0,0,0,0,0,0,0,0,0,0,0,0,0,0,0,0,0,0,0,0,0,0,0,0,0,0,0,0,0,0,0,0,0,1,0,0,0,0
CCC,0.3222192947339193,P010001,BN,13.453237410071942,2.0,45008-10-1-2,45008,57,11.4397,11.4585,-4.5506,33.46,0.0556,1.96,4.27,103,0,1,25.0,-2.0,1,0,0,0,0,1,0,0,0,0,0,0,0,0,0,0,0,0,0,0,0,0,0,0,0,0,0,0,0,0,0,0,0,0,0,0,0,0,0,1,0,0,0,0
CCC,0.3424226808222063,P010001,BN,13.453237410071942,2.0,45008-2-1-2,45008,57,11.4397,11.4585,-4.5506,33.46,0.0556,1.96,4.27,103,0,1,25.0,-2.0,1,0,0,0,0,1,0,0,0,0,0,0,0,0,0,0,0,0,0,0,0,0,0,0,0,0,0,0,0,0,0,0,0,0,0,0,0,0,0,1,0,0,0,0
CCC,0.3979400086720376,P010001,Cu,30.0,2.0,15201-4-1-2,15201,1,11.4397,11.4585,-4.5506,33.46,0.0556,9.22,0.0,139,1,1,50.0,-2.3010299956639813,0,1,0,0,0,1,0,0,1,0,0,0,0,0,0,0,0,0,0,0,0,0,0,0,0,0,0,0,0,0,0,0,0,0,0,0,0,0,0,0,0,0,0,0
CCC,0.414973347970818,P010001,Cu,30.0,2.0,15201-7-1-2,15201,1,11.4397,11.4585,-4.5506,33.46,0.0556,9.22,0.0,139,1,1,50.0,-2.3010299956639813,0,1,0,0,0,1,0,0,1,0,0,0,0,0,0,0,0,0,0,0,0,0,0,0,0,0,0,0,0,0,0,0,0,0,0,0,0,0,0,0,0,0,0,0
CCC,0.4623979978989561,P010001,BN,16.81654676258993,2.0,45008-7-1-2,45008,57,11.4397,11.4585,-4.5506,33.46,0.0556,1.96,4.27,103,0,1,25.0,-2.0,1,0,0,0,0,1,0,0,0,0,0,0,0,0,0,0,0,0,0,0,0,0,0,0,0,0,0,0,0,0,0,0,0,0,0,0,0,0,0,1,0,0,0,0
CCC,0.4771212547196624,P010001,BN,20.17985611510792,2.0,45008-8-1-2,45008,57,11.4397,11.4585,-4.5506,33.46,0.0556,1.96,4.27,103,0,1,25.0,-2.0,1,0,0,0,0,1,0,0,0,0,0,0,0,0,0,0,0,0,0,0,0,0,0,0,0,0,0,0,0,0,0,0,0,0,0,0,0,0,0,1,0,0,0,0
CCC,0.4771212547196624,P010001,BN,16.81654676258993,2.0,45008-11-1-2,45008,57,11.4397,11.4585,-4.5506,33.46,0.0556,1.96,4.27,103,0,1,25.0,-2.0,1,0,0,0,0,1,0,0,0,0,0,0,0,0,0,0,0,0,0,0,0,0,0,0,0,0,0,0,0,0,0,0,0,0,0,0,0,0,0,1,0,0,0,0
CCC,0.505149978319906,P010001,GR,25.97222222222222,2.0,47732-7-1-1,47732,19,11.4397,11.4585,-4.5506,33.46,0.0556,1.94,0.0,122,0,1,23.0,-2.5228787452803374,0,0,0,0,0,1,0,1,0,0,0,0,0,0,0,0,0,0,0,0,0,1,0,0,0,0,0,0,0,0,0,0,0,0,0,0,0,0,0,0,0,0,0,0
CCC,0.5797835966168101,P010001,BN,16.81654676258993,3.0,45008-3-1-2,45008,57,11.4397,11.4585,-4.5506,33.46,0.0556,1.96,4.27,103,0,1,25.0,-2.0,1,0,0,0,0,1,0,0,0,0,0,0,0,0,0,0,0,0,0,0,0,0,0,0,0,0,0,0,0,0,0,0,0,0,0,0,0,0,0,1,0,0,0,0
CCC,0.7708520116421442,P010001,BN,20.17985611510792,3.0,45008-4-1-2,45008,57,11.4397,11.4585,-4.5506,33.46,0.0556,1.96,4.27,103,0,1,25.0,-2.0,1,0,0,0,0,1,0,0,0,0,0,0,0,0,0,0,0,0,0,0,0,0,0,0,0,0,0,0,0,0,0,0,0,0,0,0,0,0,0,1,0,0,0,0
CCC,0.7708520116421442,P010001,BN,20.17985611510792,3.0,45008-12-1-2,45008,57,11.4397,11.4585,-4.5506,33.46,0.0556,1.96,4.27,103,0,1,25.0,-2.0,1,0,0,0,0,1,0,0,0,0,0,0,0,0,0,0,0,0,0,0,0,0,0,0,0,0,0,0,0,0,0,0,0,0,0,0,0,0,0,1,0,0,0,0
CCC,0.8129133566428556,P010001,GR,25.97222222222222,3.0,47732-10-1-1,47732,19,11.4397,11.4585,-4.5506,33.46,0.0556,1.94,0.0,122,0,1,23.0,-2.5228787452803374,0,0,0,0,0,1,0,1,0,0,0,0,0,0,0,0,0,0,0,0,0,1,0,0,0,0,0,0,0,0,0,0,0,0,0,0,0,0,0,0,0,0,0,0
CCCC(C)CC(C)C,-1.0222763947111522,P010002,CNT,0.043,1.0,33692-1-1-1,33692,4,10.1762,9.6841,-3.8215,97.0,0.1073,1.94,0.0,122,0,0,17.0,-3.3010299956639813,1,0,0,0,0,1,0,1,0,0,0,1,0,0,0,0,0,0,0,0,0,0,0,0,0,0,0,0,0,0,0,0,0,0,0,0,0,0,0,0,0,0,0,0
CCCC(C)CC(C)C,-0.721246399047171,P010002,Al2O3,5.0,1.0,49858-6-1-1,49858,65,10.1762,9.6841,-3.8215,97.0,0.1073,3.87,5.85,232,1,1,35.0,-2.5228787452803374,0,0,0,1,0,1,0,1,0,0,0,0,0,0,0,0,0,0,0,0,0,0,0,0,0,0,0,0,0,0,0,0,0,0,0,0,0,0,0,0,0,0,1,0
CCCC(C)CC(C)C,-0.6989700043360187,P010002,Al,5.0,1.0,49858-2-1-1,49858,65,10.1762,9.6841,-3.8215,97.0,0.1073,2.72,0.0,83,1,1,35.0,-2.5228787452803374,0,0,0,1,0,1,0,1,0,0,0,0,0,0,0,0,0,0,0,0,0,0,0,0,0,0,0,0,0,0,0,0,0,0,0,0,0,0,0,0,0,0,1,0
CCCC(C)CC(C)C,-0.638272163982407,P010002,CNT,0.215,1.0,33692-2-1-1,33692,4,10.1762,9.6841,-3.8215,97.0,0.1073,1.94,0.0,122,0,0,17.0,-3.3010299956639813,1,0,0,0,0,1,0,1,0,0,0,1,0,0,0,0,0,0,0,0,0,0,0,0,0,0,0,0,0,0,0,0,0,0,0,0,0,0,0,0,0,0,0,0
CCCC(C)CC(C)C,-0.6289321377282637,P010002,CNT,0.86,1.0,29169-2-1-1,29169,32,10.1762,9.6841,-3.8215,97.0,0.1073,1.94,0.0,122,0,0,165.0,-2.096910013008056,0,1,0,0,0,1,0,0,0,0,0,0,0,0,0,0,0,0,0,0,0,0,0,0,1,0,0,0,0,0,0,0,0,0,0,0,0,0,0,0,0,0,0,0
CCCC(C)CC(C)C,-0.619788758288394,P010002,CNT,0.86,1.0,33692-3-1-1,33692,4,10.1762,9.6841,-3.8215,97.0,0.1073,1.94,0.0,122,0,0,17.0,-3.3010299956639813,1,0,0,0,0,1,0,1,0,0,0,1,0,0,0,0,0,0,0,0,0,0,0,0,0,0,0,0,0,0,0,0,0,0,0,0,0,0,0,0,0,0,0,0
CCCC(C)CC(C)C,-0.6003262785189618,P010002,CB,2.56,1.0,39674-2-1-1,39674,9,10.1762,9.6841,-3.8215,97.0,0.1073,1.94,0.0,122,1,0,55.0,-2.494850021680094,0,1,0,1,0,1,0,0,0,0,0,0,0,0,0,1,0,0,0,0,0,0,0,0,0,0,0,0,0,0,0,0,0,0,0,0,0,0,0,0,0,0,0,0
CCCC(C)CC(C)C,-0.585026652029182,P010002,GR,2.0902777777777777,1.0,46273-2-1-2,46273,52,10.1762,9.6841,-3.8215,97.0,0.1073,1.94,0.0,122,0,1,40.0,-3.397940008672037,1,1,0,0,0,1,0,0,0,0,0,0,0,0,0,0,0,0,0,0,0,0,0,0,0,0,0,0,0,0,0,0,0,0,0,0,1,0,0,0,0,0,0,0
CCCC(C)CC(C)C,-0.5767541260631921,P010002,CNT,2.15,1.0,29169-3-1-1,29169,32,10.1762,9.6841,-3.8215,97.0,0.1073,1.94,0.0,122,0,0,165.0,-2.096910013008056,0,1,0,0,0,1,0,0,0,0,0,0,0,0,0,0,0,0,0,0,0,0,0,0,1,0,0,0,0,0,0,0,0,0,0,0,0,0,0,0,0,0,0,0
CCCC(C)CC(C)C,-0.5512936800949201,P010002,CNT,2.31,1.0,39674-8-1-1,39674,9,10.1762,9.6841,-3.8215,97.0,0.1073,1.94,0.0,122,0,0,55.0,-2.494850021680094,0,1,0,1,0,1,0,0,0,0,0,0,0,0,0,1,0,0,0,0,0,0,0,0,0,0,0,0,0,0,0,0,0,0,0,0,0,0,0,0,0,0,0,0
CCCC(C)CC(C)C,-0.5257837359237448,P010002,CB,5.26,1.0,39674-3-1-1,39674,9,10.1762,9.6841,-3.8215,97.0,0.1073,1.94,0.0,122,1,0,55.0,-2.494850021680094,0,1,0,1,0,1,0,0,0,0,0,0,0,0,0,1,0,0,0,0,0,0,0,0,0,0,0,0,0,0,0,0,0,0,0,0,0,0,0,0,0,0,0,0
CCCC(C)CC(C)C,-0.5228787452803376,P010002,GR,4.180555555555555,1.0,46273-3-1-1,46273,52,10.1762,9.6841,-3.8215,97.0,0.1073,1.94,0.0,122,0,1,40.0,-3.397940008672037,0,1,0,0,0,1,0,0,0,0,0,0,0,0,0,0,0,0,0,0,0,0,0,0,0,0,0,0,0,0,0,0,0,0,0,0,1,0,0,0,0,0,0,0
CCCC(C)CC(C)C,-0.5157001606532142,P010002,CNT,4.3,1.0,29169-4-1-1,29169,32,10.1762,9.6841,-3.8215,97.0,0.1073,1.94,0.0,122,0,0,165.0,-2.096910013008056,0,1,0,0,0,1,0,0,0,0,0,0,0,0,0,0,0,0,0,0,0,0,0,0,1,0,0,0,0,0,0,0,0,0,0,0,0,0,0,0,0,0,0,0
CCCC(C)CC(C)C,-0.5086383061657274,P010002,Al2O3,15.0,1.0,49858-7-1-1,49858,65,10.1762,9.6841,-3.8215,97.0,0.1073,3.87,5.85,232,1,1,35.0,-2.5228787452803374,0,0,0,1,0,1,0,1,0,0,0,0,0,0,0,0,0,0,0,0,0,0,0,0,0,0,0,0,0,0,0,0,0,0,0,0,0,0,0,0,0,0,1,0
CCCC(C)CC(C)C,-0.494850021680094,P010002,Al,15.0,1.0,49858-3-1-1,49858,65,10.1762,9.6841,-3.8215,97.0,0.1073,2.72,0.0,83,1,1,35.0,-2.5228787452803374,0,0,0,1,0,1,0,1,0,0,0,0,0,0,0,0,0,0,0,0,0,0,0,0,0,0,0,0,0,0,0,0,0,0,0,0,0,0,0,0,0,0,1,0
CCCC(C)CC(C)C,-0.4723700991286613,P010002,CB,8.11,1.0,39674-4-1-1,39674,9,10.1762,9.6841,-3.8215,97.0,0.1073,1.94,0.0,122,1,0,55.0,-2.494850021680094,0,1,0,1,0,1,0,0,0,0,0,0,0,0,0,1,0,0,0,0,0,0,0,0,0,0,0,0,0,0,0,0,0,0,0,0,0,0,0,0,0,0,0,0
CCCC(C)CC(C)C,-0.4584207560534191,P010002,GR,6.270833333333333,1.0,46273-4-1-1,46273,52,10.1762,9.6841,-3.8215,97.0,0.1073,1.94,0.0,122,0,1,40.0,-3.397940008672037,0,1,0,0,0,1,0,0,0,0,0,0,0,0,0,0,0,0,0,0,0,0,0,0,0,0,0,0,0,0,0,0,0,0,0,0,1,0,0,0,0,0,0,0
CCCC(C)CC(C)C,-0.4306260903849541,P010002,CNT,4.76,1.0,39674-9-1-1,39674,9,10.1762,9.6841,-3.8215,97.0,0.1073,1.94,0.0,122,0,0,55.0,-2.494850021680094,0,1,0,1,0,1,0,0,0,0,0,0,0,0,0,1,0,0,0,0,0,0,0,0,0,0,0,0,0,0,0,0,0,0,0,0,0,0,0,0,0,0,0,0
CCCC(C)CC(C)C,-0.4089353929735008,P010002,Al,20.0,1.0,49858-4-1-1,49858,65,10.1762,9.6841,-3.8215,97.0,0.1073,2.72,0.0,83,1,1,35.0,-2.5228787452803374,0,0,0,1,0,1,0,1,0,0,0,0,0,0,0,0,0,0,0,0,0,0,0,0,0,0,0,0,0,0,0,0,0,0,0,0,0,0,0,0,0,0,1,0
CCCC(C)CC(C)C,-0.4045037781744258,P010002,Al,20.0,1.0,29693-2-1-1,29693,26,10.1762,9.6841,-3.8215,97.0,0.1073,2.72,0.0,83,1,1,35.0,-2.5228787452803374,1,0,0,0,0,1,1,0,0,0,0,0,0,0,0,0,0,0,0,0,0,0,1,0,0,0,0,0,0,0,0,0,0,0,0,0,0,0,0,0,0,0,0,0
CCCC(C)CC(C)C,-0.3979400086720376,P010002,GR,16.0,1.0,42513-1-1-1,42513,1,10.1762,9.6841,-3.8215,97.0,0.1073,1.94,0.0,122,0,1,50.0,-2.494850021680094,0,0,0,1,0,1,0,1,1,0,0,0,0,0,0,0,0,0,0,0,0,0,0,0,0,0,0,0,0,0,0,0,0,0,0,0,0,0,0,0,0,0,0,0
CCCC(C)CC(C)C,-0.3767507096020995,P010002,CNT,6.45,1.0,29169-5-1-1,29169,32,10.1762,9.6841,-3.8215,97.0,0.1073,1.94,0.0,122,0,0,165.0,-2.096910013008056,0,1,0,0,0,1,0,0,0,0,0,0,0,0,0,0,0,0,0,0,0,0,0,0,1,0,0,0,0,0,0,0,0,0,0,0,0,0,0,0,0,0,0,0
CCCC(C)CC(C)C,-0.3372421683184259,P010002,CNT,8.6,1.0,29169-6-1-1,29169,32,10.1762,9.6841,-3.8215,97.0,0.1073,1.94,0.0,122,0,0,165.0,-2.096910013008056,0,1,0,0,0,1,0,0,0,0,0,0,0,0,0,0,0,0,0,0,0,0,0,0,1,0,0,0,0,0,0,0,0,0,0,0,0,0,0,0,0,0,0,0
CCCC(C)CC(C)C,-0.3306831194338878,P010002,CNT,7.36,1.0,39674-10-1-1,39674,9,10.1762,9.6841,-3.8215,97.0,0.1073,1.94,0.0,122,0,0,55.0,-2.494850021680094,0,1,0,1,0,1,0,0,0,0,0,0,0,0,0,1,0,0,0,0,0,0,0,0,0,0,0,0,0,0,0,0,0,0,0,0,0,0,0,0,0,0,0,0
CCCC(C)CC(C)C,-0.2881927709588089,P010002,Al,20.0,1.0,29693-5-1-1,29693,26,10.1762,9.6841,-3.8215,97.0,0.1073,2.72,0.0,83,1,1,35.0,-2.5228787452803374,1,0,0,0,0,1,1,0,0,0,0,0,0,0,0,0,0,0,0,0,0,0,1,0,0,0,0,0,0,0,0,0,0,0,0,0,0,0,0,0,0,0,0,0
CCCC(C)CC(C)C,-0.2757241303992109,P010002,Al2O3,20.0,1.0,49858-8-1-1,49858,65,10.1762,9.6841,-3.8215,97.0,0.1073,3.87,5.85,232,1,1,35.0,-2.5228787452803374,0,0,0,1,0,1,0,1,0,0,0,0,0,0,0,0,0,0,0,0,0,0,0,0,0,0,0,0,0,0,0,0,0,0,0,0,0,0,0,0,0,0,1,0
CCCC(C)CC(C)C,-0.2365720064370627,P010002,BN,19.48920863309353,1.0,41323-4-1-1,41323,34,10.1762,9.6841,-3.8215,97.0,0.1073,1.96,4.27,103,0,1,35.0,-3.5228787452803374,0,0,0,0,0,1,0,0,0,0,0,0,0,0,0,0,0,0,0,0,0,0,0,0,0,0,1,0,0,0,0,0,0,0,0,0,0,0,0,0,0,0,0,0
CCCC(C)CC(C)C,-0.1611509092627447,P010002,BN,19.48920863309353,1.0,41323-4-1-1,41323,34,10.1762,9.6841,-3.8215,97.0,0.1073,1.96,4.27,103,0,1,35.0,-3.5228787452803374,0,0,0,0,0,1,0,0,0,0,0,0,0,0,0,0,0,0,0,0,0,0,0,0,0,0,1,0,0,0,0,0,0,0,0,0,0,0,0,0,0,0,0,0
CCCC(C)CC(C)C,-0.2365720064370627,P010002,BN,19.48920863309353,1.0,41323-4-1-2,41323,34,10.1762,9.6841,-3.8215,97.0,0.1073,1.96,4.27,103,0,1,35.0,-3.5228787452803374,0,0,0,0,0,1,0,0,0,0,0,0,0,0,0,0,0,0,0,0,0,0,0,0,0,0,1,0,0,0,0,0,0,0,0,0,0,0,0,0,0,0,0,0
CCCC(C)CC(C)C,-0.1307682802690238,P010002,BN,19.48920863309353,1.0,41323-4-1-2,41323,34,10.1762,9.6841,-3.8215,97.0,0.1073,1.96,4.27,103,0,1,35.0,-3.5228787452803374,0,0,0,0,0,1,0,0,0,0,0,0,0,0,0,0,0,0,0,0,0,0,0,0,0,0,1,0,0,0,0,0,0,0,0,0,0,0,0,0,0,0,0,0
CCCC(C)CC(C)C,-0.2218487496163564,P010002,GR,30.0,1.0,42513-6-1-1,42513,1,10.1762,9.6841,-3.8215,97.0,0.1073,1.94,0.0,122,0,1,50.0,-2.494850021680094,0,0,0,1,0,1,0,1,1,0,0,0,0,0,0,0,0,0,0,0,0,0,0,0,0,0,0,0,0,0,0,0,0,0,0,0,0,0,0,0,0,0,0,0
CCCC(C)CC(C)C,-0.2020403562628038,P010002,GR,21.13,1.0,39674-5-1-1,39674,9,10.1762,9.6841,-3.8215,97.0,0.1073,1.94,0.0,122,0,1,55.0,-2.494850021680094,0,1,0,1,0,1,0,0,0,0,0,0,0,0,0,1,0,0,0,0,0,0,0,0,0,0,0,0,0,0,0,0,0,0,0,0,0,0,0,0,0,0,0,0
CCCC(C)CC(C)C,-0.1938200260161128,P010002,TiO2,30.0,1.0,49101-4-1-1,49101,66,10.1762,9.6841,-3.8215,97.0,0.1073,3.86,2.06,179,1,1,55.0,-2.6989700043360187,1,0,0,0,0,1,0,1,0,0,0,0,0,0,0,0,0,0,0,0,0,0,0,0,0,0,0,0,0,0,0,0,0,0,0,0,0,0,0,0,0,0,0,1
CCCC(C)CC(C)C,-0.1938200260161128,P010002,Al,25.0,1.0,49858-5-1-1,49858,65,10.1762,9.6841,-3.8215,97.0,0.1073,2.72,0.0,83,1,1,35.0,-2.5228787452803374,0,0,0,1,0,1,0,1,0,0,0,0,0,0,0,0,0,0,0,0,0,0,0,0,0,0,0,0,0,0,0,0,0,0,0,0,0,0,0,0,0,0,1,0
CCCC(C)CC(C)C,-0.1804560644581313,P010002,Al2O3,25.0,1.0,49858-9-1-1,49858,65,10.1762,9.6841,-3.8215,97.0,0.1073,3.87,5.85,232,1,1,35.0,-2.5228787452803374,0,0,0,1,0,1,0,1,0,0,0,0,0,0,0,0,0,0,0,0,0,0,0,0,0,0,0,0,0,0,0,0,0,0,0,0,0,0,0,0,0,0,1,0
CCCC(C)CC(C)C,-0.1549019599857432,P010002,GR,30.0,1.0,42513-2-1-1,42513,1,10.1762,9.6841,-3.8215,97.0,0.1073,1.94,0.0,122,0,1,50.0,-2.494850021680094,0,0,0,1,0,1,0,1,1,0,0,0,0,0,0,0,0,0,0,0,0,0,0,0,0,0,0,0,0,0,0,0,0,0,0,0,0,0,0,0,0,0,0,0
CCCC(C)CC(C)C,0.0791812460476248,P010002,GR,30.0,2.0,42513-2-1-1,42513,1,10.1762,9.6841,-3.8215,97.0,0.1073,1.94,0.0,122,0,1,50.0,-2.494850021680094,0,0,0,1,0,1,0,1,1,0,0,0,0,0,0,0,0,0,0,0,0,0,0,0,0,0,0,0,0,0,0,0,0,0,0,0,0,0,0,0,0,0,0,0
CCCC(C)CC(C)C,-0.1079053973095195,P010002,Cu,15.0,2.0,28720-9-1-1,28720,33,10.1762,9.6841,-3.8215,97.0,0.1073,9.22,0.0,139,1,1,23.0,-0.8860566476931632,1,0,0,0,1,1,0,0,0,0,0,0,0,0,0,0,0,0,0,0,0,0,0,0,0,1,0,0,0,0,0,0,0,0,0,0,0,0,0,0,0,0,0,0
CCCC(C)CC(C)C,-0.0969100130080563,P010002,GR,40.0,2.0,42513-7-1-1,42513,1,10.1762,9.6841,-3.8215,97.0,0.1073,1.94,0.0,122,0,1,50.0,-2.494850021680094,0,0,0,1,0,1,0,1,1,0,0,0,0,0,0,0,0,0,0,0,0,0,0,0,0,0,0,0,0,0,0,0,0,0,0,0,0,0,0,0,0,0,0,0
CCCC(C)CC(C)C,0.7075701760979364,P010002,GR,40.0,2.0,42513-7-1-1,42513,1,10.1762,9.6841,-3.8215,97.0,0.1073,1.94,0.0,122,0,1,50.0,-2.494850021680094,0,0,0,1,0,1,0,1,1,0,0,0,0,0,0,0,0,0,0,0,0,0,0,0,0,0,0,0,0,0,0,0,0,0,0,0,0,0,0,0,0,0,0,0
CCCC(C)CC(C)C,-0.0087739243075051,P010002,Al,40.0,2.0,29693-3-1-1,29693,26,10.1762,9.6841,-3.8215,97.0,0.1073,2.72,0.0,83,1,1,35.0,-2.5228787452803374,1,0,0,0,0,1,1,0,0,0,0,0,0,0,0,0,0,0,0,0,0,0,1,0,0,0,0,0,0,0,0,0,0,0,0,0,0,0,0,0,0,0,0,0
CCCC(C)CC(C)C,0.0569048513364725,P010002,BN,30.0,2.0,49101-3-1-1,49101,66,10.1762,9.6841,-3.8215,97.0,0.1073,1.96,4.27,103,0,1,55.0,-2.6989700043360187,1,0,0,0,0,1,0,1,0,0,0,0,0,0,0,0,0,0,0,0,0,0,0,0,0,0,0,0,0,0,0,0,0,0,0,0,0,0,0,0,0,0,0,1
CCCC(C)CC(C)C,0.0791812460476248,P010002,GR,50.0,2.0,42513-8-1-1,42513,1,10.1762,9.6841,-3.8215,97.0,0.1073,1.94,0.0,122,0,1,50.0,-2.494850021680094,0,0,0,1,0,1,0,1,1,0,0,0,0,0,0,0,0,0,0,0,0,0,0,0,0,0,0,0,0,0,0,0,0,0,0,0,0,0,0,0,0,0,0,0
CCCC(C)CC(C)C,1.1430148002540952,P010002,GR,50.0,2.0,42513-8-1-1,42513,1,10.1762,9.6841,-3.8215,97.0,0.1073,1.94,0.0,122,0,1,50.0,-2.494850021680094,0,0,0,1,0,1,0,1,1,0,0,0,0,0,0,0,0,0,0,0,0,0,0,0,0,0,0,0,0,0,0,0,0,0,0,0,0,0,0,0,0,0,0,0
CCCC(C)CC(C)C,0.0791812460476248,P010002,GR,40.0,2.0,42513-3-1-1,42513,1,10.1762,9.6841,-3.8215,97.0,0.1073,1.94,0.0,122,0,1,50.0,-2.494850021680094,0,0,0,1,0,1,0,1,1,0,0,0,0,0,0,0,0,0,0,0,0,0,0,0,0,0,0,0,0,0,0,0,0,0,0,0,0,0,0,0,0,0,0,0
CCCC(C)CC(C)C,0.414973347970818,P010002,GR,40.0,2.0,42513-3-1-1,42513,1,10.1762,9.6841,-3.8215,97.0,0.1073,1.94,0.0,122,0,1,50.0,-2.494850021680094,0,0,0,1,0,1,0,1,1,0,0,0,0,0,0,0,0,0,0,0,0,0,0,0,0,0,0,0,0,0,0,0,0,0,0,0,0,0,0,0,0,0,0,0
CCCC(C)CC(C)C,0.0969100130080564,P010002,Cu,30.0,2.0,28720-10-1-1,28720,33,10.1762,9.6841,-3.8215,97.0,0.1073,9.22,0.0,139,1,1,23.0,-0.8860566476931632,1,0,0,0,1,1,0,0,0,0,0,0,0,0,0,0,0,0,0,0,0,0,0,0,0,1,0,0,0,0,0,0,0,0,0,0,0,0,0,0,0,0,0,0
CCCC(C)CC(C)C,0.1986570869544226,P010002,Al,40.0,2.0,29693-6-1-1,29693,26,10.1762,9.6841,-3.8215,97.0,0.1073,2.72,0.0,83,1,1,35.0,-2.5228787452803374,1,0,0,0,0,1,1,0,0,0,0,0,0,0,0,0,0,0,0,0,0,0,1,0,0,0,0,0,0,0,0,0,0,0,0,0,0,0,0,0,0,0,0,0
CCCC(C)CC(C)C,0.2041199826559248,P010002,GR,50.0,2.0,42513-4-1-1,42513,1,10.1762,9.6841,-3.8215,97.0,0.1073,1.94,0.0,122,0,1,50.0,-2.494850021680094,0,0,0,1,0,1,0,1,1,0,0,0,0,0,0,0,0,0,0,0,0,0,0,0,0,0,0,0,0,0,0,0,0,0,0,0,0,0,0,0,0,0,0,0
CCCC(C)CC(C)C,0.8260748027008264,P010002,GR,50.0,2.0,42513-4-1-1,42513,1,10.1762,9.6841,-3.8215,97.0,0.1073,1.94,0.0,122,0,1,50.0,-2.494850021680094,0,0,0,1,0,1,0,1,1,0,0,0,0,0,0,0,0,0,0,0,0,0,0,0,0,0,0,0,0,0,0,0,0,0,0,0,0,0,0,0,0,0,0,0
CCCC(C)CC(C)C,0.2946866242794432,P010002,GR,42.7,2.0,39674-6-1-1,39674,9,10.1762,9.6841,-3.8215,97.0,0.1073,1.94,0.0,122,0,1,55.0,-2.494850021680094,0,1,0,1,0,1,0,0,0,0,0,0,0,0,0,1,0,0,0,0,0,0,0,0,0,0,0,0,0,0,0,0,0,0,0,0,0,0,0,0,0,0,0,0
CCCC(C)CC(C)C,0.3222192947339193,P010002,GR,62.0,2.0,42513-9-1-1,42513,1,10.1762,9.6841,-3.8215,97.0,0.1073,1.94,0.0,122,0,1,50.0,-2.494850021680094,0,0,0,1,0,1,0,1,1,0,0,0,0,0,0,0,0,0,0,0,0,0,0,0,0,0,0,0,0,0,0,0,0,0,0,0,0,0,0,0,0,0,0,0
CCCC(C)CC(C)C,0.4276483711869326,P010002,Al,60.0,2.0,29693-4-1-1,29693,26,10.1762,9.6841,-3.8215,97.0,0.1073,2.72,0.0,83,1,1,35.0,-2.5228787452803374,1,0,0,0,0,1,1,0,0,0,0,0,0,0,0,0,0,0,0,0,0,0,1,0,0,0,0,0,0,0,0,0,0,0,0,0,0,0,0,0,0,0,0,0
CCCC(C)CC(C)C,0.4771212547196624,P010002,GR,62.0,2.0,42513-5-1-1,42513,1,10.1762,9.6841,-3.8215,97.0,0.1073,1.94,0.0,122,0,1,50.0,-2.494850021680094,0,0,0,1,0,1,0,1,1,0,0,0,0,0,0,0,0,0,0,0,0,0,0,0,0,0,0,0,0,0,0,0,0,0,0,0,0,0,0,0,0,0,0,0
CCCC(C)CC(C)C,1.1643528557844371,P010002,GR,62.0,2.0,42513-5-1-1,42513,1,10.1762,9.6841,-3.8215,97.0,0.1073,1.94,0.0,122,0,1,50.0,-2.494850021680094,0,0,0,1,0,1,0,1,1,0,0,0,0,0,0,0,0,0,0,0,0,0,0,0,0,0,0,0,0,0,0,0,0,0,0,0,0,0,0,0,0,0,0,0
CCCC(C)CC(C)C,0.6255182289716377,P010002,Al,60.0,2.0,29693-7-1-1,29693,26,10.1762,9.6841,-3.8215,97.0,0.1073,2.72,0.0,83,1,1,35.0,-2.5228787452803374,1,0,0,0,0,1,1,0,0,0,0,0,0,0,0,0,0,0,0,0,0,0,1,0,0,0,0,0,0,0,0,0,0,0,0,0,0,0,0,0,0,0,0,0
CCCC(C)CC(C)C,0.7811807209372617,P010002,GR,61.64,2.0,39674-7-1-1,39674,9,10.1762,9.6841,-3.8215,97.0,0.1073,1.94,0.0,122,0,1,55.0,-2.494850021680094,0,1,0,1,0,1,0,0,0,0,0,0,0,0,0,1,0,0,0,0,0,0,0,0,0,0,0,0,0,0,0,0,0,0,0,0,0,0,0,0,0,0,0,0
CC(CC(CCc1ccccc1)c1ccccc1)c1ccccc1,-0.8239087409443188,P020001,CNT,0.3271874999999999,1.0,50508-3-1-5,50508,5,6.2447,7.537,-1.2145,240.83,0.036,1.94,0.0,122,0,0,50.0,-2.0,0,0,0,0,0,0,0,1,0,0,0,0,1,0,0,0,0,0,0,0,0,0,0,0,0,0,0,0,0,0,0,0,0,0,0,0,0,0,0,0,0,0,0,0
CC(CC(CCc1ccccc1)c1ccccc1)c1ccccc1,-0.8210230527068306,P020001,CNT,0.3271874999999999,1.0,50508-3-1-2,50508,5,6.2447,7.537,-1.2145,240.83,0.036,1.94,0.0,122,0,0,50.0,-2.0,0,0,0,0,0,0,0,1,0,0,0,0,1,0,0,0,0,0,0,0,0,0,0,0,0,0,0,0,0,0,0,0,0,0,0,0,0,0,0,0,0,0,0,0
CC(CC(CCc1ccccc1)c1ccccc1)c1ccccc1,-0.8181564120552275,P020001,CNT,0.3271874999999999,1.0,50508-3-1-4,50508,5,6.2447,7.537,-1.2145,240.83,0.036,1.94,0.0,122,0,0,50.0,-2.494850021680094,0,0,0,0,0,0,0,0,0,0,0,0,1,0,0,0,0,0,0,0,0,0,0,0,0,0,0,0,0,0,0,0,0,0,0,0,0,0,0,0,0,0,0,0
CC(CC(CCc1ccccc1)c1ccccc1)c1ccccc1,-0.8096683018297085,P020001,CNT,0.3271874999999999,1.0,50508-3-1-3,50508,5,6.2447,7.537,-1.2145,240.83,0.036,1.94,0.0,122,0,0,50.0,-2.0,0,0,0,0,0,0,0,1,0,0,0,0,1,0,0,0,0,0,0,0,0,0,0,0,0,0,0,0,0,0,0,0,0,0,0,0,0,0,0,0,0,0,0,0
CC(CC(CCc1ccccc1)c1ccccc1)c1ccccc1,-0.8096683018297085,P020001,CNT,0.3271874999999999,1.0,50508-3-1-1,50508,5,6.2447,7.537,-1.2145,240.83,0.036,1.94,0.0,122,0,0,50.0,-2.0,0,0,0,0,0,0,0,1,0,0,0,0,1,0,0,0,0,0,0,0,0,0,0,0,0,0,0,0,0,0,0,0,0,0,0,0,0,0,0,0,0,0,0,0
CC(CC(CCc1ccccc1)c1ccccc1)c1ccccc1,-0.7825160557860937,P020001,GR,0.242361111111111,1.0,42825-8-1-1,42825,14,6.2447,7.537,-1.2145,240.83,0.036,1.94,0.0,122,0,1,35.0,-3.3716110699496884,0,0,1,0,1,1,0,0,0,0,0,0,0,0,0,0,0,0,1,0,0,0,0,0,0,0,0,0,0,0,0,0,0,0,0,0,0,0,0,0,0,0,0,0
CC(CC(CCc1ccccc1)c1ccccc1)c1ccccc1,-0.7721132953863264,P020001,CNT,1.30875,1.0,50508-4-1-5,50508,5,6.2447,7.537,-1.2145,240.83,0.036,1.94,0.0,122,0,0,50.0,-2.0,0,0,0,0,0,0,0,1,0,0,0,0,1,0,0,0,0,0,0,0,0,0,0,0,0,0,0,0,0,0,0,0,0,0,0,0,0,0,0,0,0,0,0,0
CC(CC(CCc1ccccc1)c1ccccc1)c1ccccc1,-0.7471469690201068,P020001,Al2O3,2.6175,1.0,33675-2-1-1,33675,38,6.2447,7.537,-1.2145,240.83,0.036,3.87,5.85,232,1,1,35.0,-3.0,0,0,0,0,1,1,1,0,0,0,0,0,0,0,0,0,0,0,0,0,0,0,0,0,0,0,0,0,0,1,0,0,0,0,0,0,0,0,0,0,0,0,0,0
CC(CC(CCc1ccccc1)c1ccccc1)c1ccccc1,-0.7471469690201068,P020001,Al2O3,2.6175,1.0,33675-2-1-2,33675,38,6.2447,7.537,-1.2145,240.83,0.036,3.87,5.85,232,1,1,35.0,-3.0,0,0,0,0,1,1,1,0,0,0,0,0,0,0,0,0,0,0,0,0,0,0,0,0,0,0,0,0,0,1,0,0,0,0,0,0,0,0,0,0,0,0,0,0
CC(CC(CCc1ccccc1)c1ccccc1)c1ccccc1,-0.744727494896694,P020001,Al2O3,2.6175,1.0,33675-2-1-3,33675,38,6.2447,7.537,-1.2145,240.83,0.036,3.87,5.85,232,1,1,35.0,-3.0,0,0,0,0,1,1,1,0,0,0,0,0,0,0,0,0,0,0,0,0,0,0,0,0,0,0,0,0,0,1,0,0,0,0,0,0,0,0,0,0,0,0,0,0
CC(CC(CCc1ccccc1)c1ccccc1)c1ccccc1,-0.721246399047171,P020001,Al2O3,2.6175,1.0,33675-3-1-3,33675,38,6.2447,7.537,-1.2145,240.83,0.036,3.87,5.85,232,1,1,35.0,-3.0,0,0,0,0,1,1,1,0,0,0,0,0,0,0,0,0,0,0,0,0,0,0,0,0,0,0,0,0,0,1,0,0,0,0,0,0,0,0,0,0,0,0,0,0
CC(CC(CCc1ccccc1)c1ccccc1)c1ccccc1,-0.721246399047171,P020001,Al2O3,2.6175,1.0,33675-3-1-2,33675,38,6.2447,7.537,-1.2145,240.83,0.036,3.87,5.85,232,1,1,35.0,-3.0,0,0,0,0,1,1,1,0,0,0,0,0,0,0,0,0,0,0,0,0,0,0,0,0,0,0,0,0,0,1,0,0,0,0,0,0,0,0,0,0,0,0,0,0
CC(CC(CCc1ccccc1)c1ccccc1)c1ccccc1,-0.721246399047171,P020001,Al2O3,2.6175,1.0,33675-3-1-1,33675,38,6.2447,7.537,-1.2145,240.83,0.036,3.87,5.85,232,1,1,35.0,-3.0,0,0,0,0,1,1,1,0,0,0,0,0,0,0,0,0,0,0,0,0,0,0,0,0,0,0,0,0,0,1,0,0,0,0,0,0,0,0,0,0,0,0,0,0
CC(CC(CCc1ccccc1)c1ccccc1)c1ccccc1,-0.721246399047171,P020001,CNT,1.30875,1.0,50508-4-1-3,50508,5,6.2447,7.537,-1.2145,240.83,0.036,1.94,0.0,122,0,0,50.0,-2.0,0,0,0,0,0,0,0,1,0,0,0,0,1,0,0,0,0,0,0,0,0,0,0,0,0,0,0,0,0,0,0,0,0,0,0,0,0,0,0,0,0,0,0,0
CC(CC(CCc1ccccc1)c1ccccc1)c1ccccc1,-0.7166987712964504,P020001,GR,0.4847222222222221,1.0,42825-9-1-1,42825,14,6.2447,7.537,-1.2145,240.83,0.036,1.94,0.0,122,0,1,35.0,-3.3716110699496884,0,0,1,0,1,1,0,0,0,0,0,0,0,0,0,0,0,0,1,0,0,0,0,0,0,0,0,0,0,0,0,0,0,0,0,0,0,0,0,0,0,0,0,0
CC(CC(CCc1ccccc1)c1ccccc1)c1ccccc1,-0.6968039425795111,P020001,CNT,1.30875,1.0,50508-4-1-2,50508,5,6.2447,7.537,-1.2145,240.83,0.036,1.94,0.0,122,0,0,50.0,-2.0,0,0,0,0,0,0,0,1,0,0,0,0,1,0,0,0,0,0,0,0,0,0,0,0,0,0,0,0,0,0,0,0,0,0,0,0,0,0,0,0,0,0,0,0
CC(CC(CCc1ccccc1)c1ccccc1)c1ccccc1,-0.6556077263148893,P020001,CNT,1.30875,1.0,50508-4-1-4,50508,5,6.2447,7.537,-1.2145,240.83,0.036,1.94,0.0,122,0,0,50.0,-2.494850021680094,0,0,0,0,0,0,0,0,0,0,0,0,1,0,0,0,0,0,0,0,0,0,0,0,0,0,0,0,0,0,0,0,0,0,0,0,0,0,0,0,0,0,0,0
CC(CC(CCc1ccccc1)c1ccccc1)c1ccccc1,-0.6020599913279624,P020001,GR,0.6786111111111109,1.0,42825-10-1-1,42825,14,6.2447,7.537,-1.2145,240.83,0.036,1.94,0.0,122,0,1,35.0,-3.3716110699496884,0,0,1,0,1,1,0,0,0,0,0,0,0,0,0,0,0,0,1,0,0,0,0,0,0,0,0,0,0,0,0,0,0,0,0,0,0,0,0,0,0,0,0,0
CC(CC(CCc1ccccc1)c1ccccc1)c1ccccc1,-0.595166283380062,P020001,CNT,1.30875,1.0,50508-4-1-1,50508,5,6.2447,7.537,-1.2145,240.83,0.036,1.94,0.0,122,0,0,50.0,-2.0,0,0,0,0,0,0,0,1,0,0,0,0,1,0,0,0,0,0,0,0,0,0,0,0,0,0,0,0,0,0,0,0,0,0,0,0,0,0,0,0,0,0,0,0
CC(CC(CCc1ccccc1)c1ccccc1)c1ccccc1,-0.5376020021010439,P020001,GR,1.0179166666666666,1.0,42825-11-1-1,42825,14,6.2447,7.537,-1.2145,240.83,0.036,1.94,0.0,122,0,1,35.0,-3.3716110699496884,0,0,1,0,1,1,0,0,0,0,0,0,0,0,0,0,0,0,1,0,0,0,0,0,0,0,0,0,0,0,0,0,0,0,0,0,0,0,0,0,0,0,0,0
CC(CC(CCc1ccccc1)c1ccccc1)c1ccccc1,-0.5016894462103995,P020001,CNT,3.271875,1.0,50508-5-1-2,50508,5,6.2447,7.537,-1.2145,240.83,0.036,1.94,0.0,122,0,0,50.0,-2.0,0,0,0,0,0,0,0,1,0,0,0,0,1,0,0,0,0,0,0,0,0,0,0,0,0,0,0,0,0,0,0,0,0,0,0,0,0,0,0,0,0,0,0,0
CC(CC(CCc1ccccc1)c1ccccc1)c1ccccc1,-0.4762535331884355,P020001,CNT,3.271875,1.0,50508-5-1-3,50508,5,6.2447,7.537,-1.2145,240.83,0.036,1.94,0.0,122,0,0,50.0,-2.0,0,0,0,0,0,0,0,1,0,0,0,0,1,0,0,0,0,0,0,0,0,0,0,0,0,0,0,0,0,0,0,0,0,0,0,0,0,0,0,0,0,0,0,0
CC(CC(CCc1ccccc1)c1ccccc1)c1ccccc1,-0.4736607226101559,P020001,CNT,3.271875,1.0,50508-5-1-5,50508,5,6.2447,7.537,-1.2145,240.83,0.036,1.94,0.0,122,0,0,50.0,-2.0,0,0,0,0,0,0,0,1,0,0,0,0,1,0,0,0,0,0,0,0,0,0,0,0,0,0,0,0,0,0,0,0,0,0,0,0,0,0,0,0,0,0,0,0
CC(CC(CCc1ccccc1)c1ccccc1)c1ccccc1,-0.431798275933005,P020001,CNT,13.0875,1.0,50508-6-1-5,50508,5,6.2447,7.537,-1.2145,240.83,0.036,1.94,0.0,122,0,0,50.0,-2.0,0,0,0,0,0,0,0,1,0,0,0,0,1,0,0,0,0,0,0,0,0,0,0,0,0,0,0,0,0,0,0,0,0,0,0,0,0,0,0,0,0,0,0,0
CC(CC(CCc1ccccc1)c1ccccc1)c1ccccc1,-0.4168012260313772,P020001,CNT,13.0875,1.0,50508-6-1-2,50508,5,6.2447,7.537,-1.2145,240.83,0.036,1.94,0.0,122,0,0,50.0,-2.0,0,0,0,0,0,0,0,1,0,0,0,0,1,0,0,0,0,0,0,0,0,0,0,0,0,0,0,0,0,0,0,0,0,0,0,0,0,0,0,0,0,0,0,0
CC(CC(CCc1ccccc1)c1ccccc1)c1ccccc1,-0.3979400086720376,P020001,Al2O3,19.5,1.0,40441-5-1-1,40441,8,6.2447,7.537,-1.2145,240.83,0.036,3.87,5.85,232,1,1,27.0,-2.494850021680094,0,0,0,0,1,1,0,1,0,0,0,0,0,0,1,0,0,0,0,0,0,0,0,0,0,0,0,0,0,0,0,0,0,0,0,0,0,0,0,0,0,0,0,0
CC(CC(CCc1ccccc1)c1ccccc1)c1ccccc1,-0.3957739469155299,P020001,CNT,3.271875,1.0,50508-5-1-1,50508,5,6.2447,7.537,-1.2145,240.83,0.036,1.94,0.0,122,0,0,50.0,-2.0,0,0,0,0,0,0,0,1,0,0,0,0,1,0,0,0,0,0,0,0,0,0,0,0,0,0,0,0,0,0,0,0,0,0,0,0,0,0,0,0,0,0,0,0
CC(CC(CCc1ccccc1)c1ccccc1)c1ccccc1,-0.3946949538588905,P020001,CNT,3.271875,1.0,50508-5-1-4,50508,5,6.2447,7.537,-1.2145,240.83,0.036,1.94,0.0,122,0,0,50.0,-2.494850021680094,0,0,0,0,0,0,0,0,0,0,0,0,1,0,0,0,0,0,0,0,0,0,0,0,0,0,0,0,0,0,0,0,0,0,0,0,0,0,0,0,0,0,0,0
CC(CC(CCc1ccccc1)c1ccccc1)c1ccccc1,-0.39040559077478,P020001,CNT,13.0875,1.0,50508-6-1-3,50508,5,6.2447,7.537,-1.2145,240.83,0.036,1.94,0.0,122,0,0,50.0,-2.0,0,0,0,0,0,0,0,1,0,0,0,0,1,0,0,0,0,0,0,0,0,0,0,0,0,0,0,0,0,0,0,0,0,0,0,0,0,0,0,0,0,0,0,0
CC(CC(CCc1ccccc1)c1ccccc1)c1ccccc1,-0.3585258894959005,P020001,CNT,13.0875,1.0,50508-6-1-4,50508,5,6.2447,7.537,-1.2145,240.83,0.036,1.94,0.0,122,0,0,50.0,-2.494850021680094,0,0,0,0,0,0,0,0,0,0,0,0,1,0,0,0,0,0,0,0,0,0,0,0,0,0,0,0,0,0,0,0,0,0,0,0,0,0,0,0,0,0,0,0
CC(CC(CCc1ccccc1)c1ccccc1)c1ccccc1,-0.3279021420642826,P020001,CNT,13.0875,1.0,50508-6-1-1,50508,5,6.2447,7.537,-1.2145,240.83,0.036,1.94,0.0,122,0,0,50.0,-2.0,0,0,0,0,0,0,0,1,0,0,0,0,1,0,0,0,0,0,0,0,0,0,0,0,0,0,0,0,0,0,0,0,0,0,0,0,0,0,0,0,0,0,0,0
CC(CC(CCc1ccccc1)c1ccccc1)c1ccccc1,-0.2365720064370627,P020001,Al2O3,28.0,1.0,40441-6-1-1,40441,8,6.2447,7.537,-1.2145,240.83,0.036,3.87,5.85,232,1,1,27.0,-2.494850021680094,0,0,0,0,1,1,0,1,0,0,0,0,0,0,1,0,0,0,0,0,0,0,0,0,0,0,0,0,0,0,0,0,0,0,0,0,0,0,0,0,0,0,0,0
CC(CC(CCc1ccccc1)c1ccccc1)c1ccccc1,-0.1870866433571444,P020001,Al2O3,28.0,1.0,40441-6-1-1,40441,8,6.2447,7.537,-1.2145,240.83,0.036,3.87,5.85,232,1,1,50.0,-2.494850021680094,0,0,0,0,1,1,0,1,0,0,0,0,0,0,1,0,0,0,0,0,0,0,0,0,0,0,0,0,0,0,0,0,0,0,0,0,0,0,0,0,0,0,0,0
CC(CC(CCc1ccccc1)c1ccccc1)c1ccccc1,-0.2076083105017461,P020001,BN,19.5,1.0,40441-7-1-1,40441,8,6.2447,7.537,-1.2145,240.83,0.036,1.96,4.27,103,0,1,27.0,-2.494850021680094,0,0,0,0,1,1,0,1,0,0,0,0,0,0,1,0,0,0,0,0,0,0,0,0,0,0,0,0,0,0,0,0,0,0,0,0,0,0,0,0,0,0,0,0
CC(CC(CCc1ccccc1)c1ccccc1)c1ccccc1,0.0791812460476248,P020001,BN,29.0,1.0,40441-8-1-1,40441,8,6.2447,7.537,-1.2145,240.83,0.036,1.96,4.27,103,0,1,27.0,-2.494850021680094,0,0,0,0,1,1,0,1,0,0,0,0,0,0,1,0,0,0,0,0,0,0,0,0,0,0,0,0,0,0,0,0,0,0,0,0,0,0,0,0,0,0,0,0
CC(O)CC(O)CCO,-0.8538719643217619,P030001,BN,0.45,1.0,42996-2-1-1,42996,40,7.9944,8.7925,-3.3292,75.39,3.6591,1.96,4.27,103,0,1,35.0,-2.494850021680094,0,0,1,0,0,1,0,0,0,0,0,0,0,0,0,0,0,0,0,0,0,0,0,0,0,0,0,0,0,0,1,0,0,0,0,0,0,0,0,0,0,0,0,0
CC(O)CC(O)CCO,-0.8239087409443188,P030001,BN,0.45,1.0,42996-2-1-1,42996,40,7.9944,8.7925,-3.3292,75.39,3.6591,1.96,4.27,103,0,1,35.0,-2.494850021680094,0,0,1,0,0,1,0,0,0,0,0,0,0,0,0,0,0,0,0,0,0,0,0,0,0,0,0,0,0,0,1,0,0,0,0,0,0,0,0,0,0,0,0,0
CC(O)CC(O)CCO,-0.8239087409443188,P030001,BN,0.45,1.0,42996-2-1-1,42996,40,7.9944,8.7925,-3.3292,75.39,3.6591,1.96,4.27,103,0,1,35.0,-2.494850021680094,0,0,1,0,0,1,0,0,0,0,0,0,0,0,0,0,0,0,0,0,0,0,0,0,0,0,0,0,0,0,1,0,0,0,0,0,0,0,0,0,0,0,0,0
CC(O)CC(O)CCO,-0.744727494896694,P030001,BN,4.76,1.0,42996-3-1-2,42996,40,7.9944,8.7925,-3.3292,75.39,3.6591,1.96,4.27,103,0,1,35.0,-2.494850021680094,0,0,1,0,0,1,0,0,0,0,0,0,0,0,0,0,0,0,0,0,0,0,0,0,0,0,0,0,0,0,1,0,0,0,0,0,0,0,0,0,0,0,0,0
CC(O)CC(O)CCO,-0.4202164033831898,P030001,BN,4.76,1.0,42996-3-1-2,42996,40,7.9944,8.7925,-3.3292,75.39,3.6591,1.96,4.27,103,0,1,35.0,-2.494850021680094,0,0,1,0,0,1,0,0,0,0,0,0,0,0,0,0,0,0,0,0,0,0,0,0,0,0,0,0,0,0,1,0,0,0,0,0,0,0,0,0,0,0,0,0
CC(O)CC(O)CCO,-0.4202164033831898,P030001,BN,4.76,1.0,42996-3-1-2,42996,40,7.9944,8.7925,-3.3292,75.39,3.6591,1.96,4.27,103,0,1,35.0,-2.494850021680094,0,0,1,0,0,1,0,0,0,0,0,0,0,0,0,0,0,0,0,0,0,0,0,0,0,0,0,0,0,0,1,0,0,0,0,0,0,0,0,0,0,0,0,0
CC(O)CC(O)CCO,-0.744727494896694,P030001,BN,4.76,1.0,42996-3-1-3,42996,40,7.9944,8.7925,-3.3292,75.39,3.6591,1.96,4.27,103,0,1,35.0,-2.494850021680094,0,0,1,0,0,1,0,0,0,0,0,0,0,0,0,0,0,0,0,0,0,0,0,0,0,0,0,0,0,0,1,0,0,0,0,0,0,0,0,0,0,0,0,0
CC(O)CC(O)CCO,-0.5686362358410126,P030001,BN,4.76,1.0,42996-3-1-3,42996,40,7.9944,8.7925,-3.3292,75.39,3.6591,1.96,4.27,103,0,1,35.0,-2.494850021680094,0,0,1,0,0,1,0,0,0,0,0,0,0,0,0,0,0,0,0,0,0,0,0,0,0,0,0,0,0,0,1,0,0,0,0,0,0,0,0,0,0,0,0,0
CC(O)CC(O)CCO,-0.2676062401770314,P030001,BN,4.76,1.0,42996-3-1-3,42996,40,7.9944,8.7925,-3.3292,75.39,3.6591,1.96,4.27,103,0,1,35.0,-2.494850021680094,0,0,1,0,0,1,0,0,0,0,0,0,0,0,0,0,0,0,0,0,0,0,0,0,0,0,0,0,0,0,1,0,0,0,0,0,0,0,0,0,0,0,0,0
CC(O)CC(O)CCO,-0.6989700043360187,P030001,BN,4.76,1.0,42996-3-1-1,42996,40,7.9944,8.7925,-3.3292,75.39,3.6591,1.96,4.27,103,0,1,35.0,-2.494850021680094,0,0,1,0,0,1,0,0,0,0,0,0,0,0,0,0,0,0,0,0,0,0,0,0,0,0,0,0,0,0,1,0,0,0,0,0,0,0,0,0,0,0,0,0
CC(O)CC(O)CCO,-0.585026652029182,P030001,BN,4.76,1.0,42996-3-1-1,42996,40,7.9944,8.7925,-3.3292,75.39,3.6591,1.96,4.27,103,0,1,35.0,-2.494850021680094,0,0,1,0,0,1,0,0,0,0,0,0,0,0,0,0,0,0,0,0,0,0,0,0,0,0,0,0,0,0,1,0,0,0,0,0,0,0,0,0,0,0,0,0
CC(O)CC(O)CCO,-0.585026652029182,P030001,BN,4.76,1.0,42996-3-1-1,42996,40,7.9944,8.7925,-3.3292,75.39,3.6591,1.96,4.27,103,0,1,35.0,-2.494850021680094,0,0,1,0,0,1,0,0,0,0,0,0,0,0,0,0,0,0,0,0,0,0,0,0,0,0,0,0,0,0,1,0,0,0,0,0,0,0,0,0,0,0,0,0
COC(=O)C(C)CC(C)(CC(C)(C)C(=O)OC)C(=O)OC,-0.8728952016351923,P040048,Al2O3,2.975,1.0,26287-2-1-1,26287,15,6.98,8.7259,-1.7821,171.59,2.7172,3.87,5.85,232,1,1,-193.0,-2.494850021680094,0,0,0,0,0,1,0,0,0,0,0,0,0,0,0,0,0,0,0,1,0,0,0,0,0,0,0,0,0,0,0,0,0,0,0,0,0,0,0,0,0,0,0,0
COC(=O)C(C)CC(C)(CC(C)(C)C(=O)OC)C(=O)OC,-0.8041003475907662,P040048,CNT,3.71875,1.0,49083-9-1-1,49083,3,6.98,8.7259,-1.7821,171.59,2.7172,1.94,0.0,122,0,0,23.0,-3.3010299956639813,0,0,0,0,0,1,0,1,0,0,1,0,0,0,0,0,0,0,0,0,0,0,0,0,0,0,0,0,0,0,0,0,0,0,0,0,0,0,0,0,0,0,0,0
COC(=O)C(C)CC(C)(CC(C)(C)C(=O)OC)C(=O)OC,-0.6716203965612623,P040048,TiO2,1.469135802469136,1.0,42430-3-1-1,42430,10,6.98,8.7259,-1.7821,171.59,2.7172,3.86,2.06,179,1,1,170.0,-2.958607314841775,0,1,0,0,1,1,0,0,0,0,0,0,0,0,0,0,1,0,0,0,0,0,0,0,0,0,0,0,0,0,0,0,0,0,0,0,0,0,0,0,0,0,0,0
COC(=O)C(C)CC(C)(CC(C)(C)C(=O)OC)C(=O)OC,-0.6716203965612623,P040048,TiO2,1.469135802469136,1.0,42430-3-1-1,42430,10,6.98,8.7259,-1.7821,171.59,2.7172,3.86,2.06,179,1,1,25.0,-2.958607314841775,0,1,0,0,1,1,0,0,0,0,0,0,0,0,0,0,1,0,0,0,0,0,0,0,0,0,0,0,0,0,0,0,0,0,0,0,0,0,0,0,0,0,0,0
COC(=O)C(C)CC(C)(CC(C)(C)C(=O)OC)C(=O)OC,-0.632644078973981,P040048,TiO2,1.469135802469136,1.0,42430-3-1-1,42430,10,6.98,8.7259,-1.7821,171.59,2.7172,3.86,2.06,179,1,1,120.0,-2.958607314841775,0,1,0,0,1,1,0,0,0,0,0,0,0,0,0,0,1,0,0,0,0,0,0,0,0,0,0,0,0,0,0,0,0,0,0,0,0,0,0,0,0,0,0,0
COC(=O)C(C)CC(C)(CC(C)(C)C(=O)OC)C(=O)OC,-0.619788758288394,P040048,TiO2,2.938271604938272,1.0,42430-4-1-1,42430,10,6.98,8.7259,-1.7821,171.59,2.7172,3.86,2.06,179,1,1,170.0,-2.958607314841775,0,1,0,0,1,1,0,0,0,0,0,0,0,0,0,0,1,0,0,0,0,0,0,0,0,0,0,0,0,0,0,0,0,0,0,0,0,0,0,0,0,0,0,0
COC(=O)C(C)CC(C)(CC(C)(C)C(=O)OC)C(=O)OC,-0.6003262785189618,P040048,TiO2,2.938271604938272,1.0,42430-4-1-1,42430,10,6.98,8.7259,-1.7821,171.59,2.7172,3.86,2.06,179,1,1,25.0,-2.958607314841775,0,1,0,0,1,1,0,0,0,0,0,0,0,0,0,0,1,0,0,0,0,0,0,0,0,0,0,0,0,0,0,0,0,0,0,0,0,0,0,0,0,0,0,0
COC(=O)C(C)CC(C)(CC(C)(C)C(=O)OC)C(=O)OC,-0.5783960731301689,P040048,TiO2,2.938271604938272,1.0,42430-4-1-1,42430,10,6.98,8.7259,-1.7821,171.59,2.7172,3.86,2.06,179,1,1,120.0,-2.958607314841775,0,1,0,0,1,1,0,0,0,0,0,0,0,0,0,0,1,0,0,0,0,0,0,0,0,0,0,0,0,0,0,0,0,0,0,0,0,0,0,0,0,0,0,0
COC(=O)C(C)CC(C)(CC(C)(C)C(=O)OC)C(=O)OC,-0.5421181032660077,P040048,TiO2,4.407407407407407,1.0,42430-5-1-1,42430,10,6.98,8.7259,-1.7821,171.59,2.7172,3.86,2.06,179,1,1,170.0,-2.958607314841775,0,1,0,0,1,1,0,0,0,0,0,0,0,0,0,0,1,0,0,0,0,0,0,0,0,0,0,0,0,0,0,0,0,0,0,0,0,0,0,0,0,0,0,0
COC(=O)C(C)CC(C)(CC(C)(C)C(=O)OC)C(=O)OC,-0.5287082889410615,P040048,TiO2,4.407407407407407,1.0,42430-5-1-1,42430,10,6.98,8.7259,-1.7821,171.59,2.7172,3.86,2.06,179,1,1,25.0,-2.958607314841775,0,1,0,0,1,1,0,0,0,0,0,0,0,0,0,0,1,0,0,0,0,0,0,0,0,0,0,0,0,0,0,0,0,0,0,0,0,0,0,0,0,0,0,0
COC(=O)C(C)CC(C)(CC(C)(C)C(=O)OC)C(=O)OC,-0.4962093169428189,P040048,TiO2,4.407407407407407,1.0,42430-5-1-1,42430,10,6.98,8.7259,-1.7821,171.59,2.7172,3.86,2.06,179,1,1,120.0,-2.958607314841775,0,1,0,0,1,1,0,0,0,0,0,0,0,0,0,0,1,0,0,0,0,0,0,0,0,0,0,0,0,0,0,0,0,0,0,0,0,0,0,0,0,0,0,0
CC(Cl)CC(Cl)CCCl,-0.3979400086720376,P050002,GR,3.226851851851851,1.0,46118-2-1-1,46118,43,8.7218,9.835,-1.9421,93.27,2.5917,1.94,0.0,122,0,1,30.0,-2.221848749616356,0,0,0,0,1,0,0,1,0,0,0,0,0,0,0,0,0,0,0,0,0,0,0,0,0,0,0,0,0,0,0,1,0,0,0,0,0,0,0,0,0,0,0,0
CC(Cl)CC(Cl)CCCl,0.0791812460476248,P050002,GR,3.226851851851851,1.0,46118-2-1-1,46118,43,8.7218,9.835,-1.9421,93.27,2.5917,1.94,0.0,122,0,1,150.0,-2.221848749616356,0,0,0,0,1,0,0,1,0,0,0,0,0,0,0,0,0,0,0,0,0,0,0,0,0,0,0,0,0,0,0,1,0,0,0,0,0,0,0,0,0,0,0,0
CC(Cl)CC(Cl)CCCl,-0.0969100130080563,P050002,GR,6.453703703703702,1.0,46118-3-1-1,46118,43,8.7218,9.835,-1.9421,93.27,2.5917,1.94,0.0,122,0,1,30.0,-2.221848749616356,0,0,0,0,1,0,0,1,0,0,0,0,0,0,0,0,0,0,0,0,0,0,0,0,0,0,0,0,0,0,0,1,0,0,0,0,0,0,0,0,0,0,0,0
CC(Cl)CC(Cl)CCCl,0.2304489213782739,P050002,GR,6.453703703703702,1.0,46118-3-1-1,46118,43,8.7218,9.835,-1.9421,93.27,2.5917,1.94,0.0,122,0,1,150.0,-2.221848749616356,0,0,0,0,1,0,0,1,0,0,0,0,0,0,0,0,0,0,0,0,0,0,0,0,0,0,0,0,0,0,0,1,0,0,0,0,0,0,0,0,0,0,0,0
CC(Cl)CC(Cl)CCCl,0.041392685158225,P050002,GR,9.680555555555554,1.0,46118-4-1-1,46118,43,8.7218,9.835,-1.9421,93.27,2.5917,1.94,0.0,122,0,1,30.0,-2.221848749616356,0,0,0,0,1,0,0,1,0,0,0,0,0,0,0,0,0,0,0,0,0,0,0,0,0,0,0,0,0,0,0,1,0,0,0,0,0,0,0,0,0,0,0,0
CC(Cl)CC(Cl)CCCl,0.3617278360175928,P050002,GR,9.680555555555554,1.0,46118-4-1-1,46118,43,8.7218,9.835,-1.9421,93.27,2.5917,1.94,0.0,122,0,1,150.0,-2.221848749616356,0,0,0,0,1,0,0,1,0,0,0,0,0,0,0,0,0,0,0,0,0,0,0,0,0,0,0,0,0,0,0,1,0,0,0,0,0,0,0,0,0,0,0,0
CC(Cl)CC(Cl)CCCl,0.1760912590556812,P050002,GR,12.907407407407405,1.0,46118-5-1-1,46118,43,8.7218,9.835,-1.9421,93.27,2.5917,1.94,0.0,122,0,1,30.0,-2.221848749616356,0,0,0,0,1,0,0,1,0,0,0,0,0,0,0,0,0,0,0,0,0,0,0,0,0,0,0,0,0,0,0,1,0,0,0,0,0,0,0,0,0,0,0,0
CC(Cl)CC(Cl)CCCl,0.4313637641589873,P050002,GR,12.907407407407405,1.0,46118-5-1-1,46118,43,8.7218,9.835,-1.9421,93.27,2.5917,1.94,0.0,122,0,1,150.0,-2.221848749616356,0,0,0,0,1,0,0,1,0,0,0,0,0,0,0,0,0,0,0,0,0,0,0,0,0,0,0,0,0,0,0,1,0,0,0,0,0,0,0,0,0,0,0,0
CC(F)(F)CC(F)(F)CC(F)F,-0.585026652029182,P050003,CNT,1.1068749999999998,1.0,50355-2-1-2,50355,3,10.3134,10.5939,-3.4296,65.2,4.2904,1.94,0.0,122,0,0,35.0,-2.154901959985743,1,0,0,0,0,1,0,0,0,0,1,0,0,0,0,0,0,0,0,0,0,0,0,0,0,0,0,0,0,0,0,0,0,0,0,0,0,0,0,0,0,0,0,0
CC(F)(F)CC(F)(F)CC(F)F,-0.494850021680094,P050003,CNT,3.320625,1.0,50355-3-1-2,50355,3,10.3134,10.5939,-3.4296,65.2,4.2904,1.94,0.0,122,0,0,35.0,-2.154901959985743,1,0,0,0,0,1,0,0,0,0,1,0,0,0,0,0,0,0,0,0,0,0,0,0,0,0,0,0,0,0,0,0,0,0,0,0,0,0,0,0,0,0,0,0
CC(F)(F)CC(F)(F)CC(F)F,-0.4559319556497244,P050003,CNT,5.534374999999999,1.0,50355-4-1-2,50355,3,10.3134,10.5939,-3.4296,65.2,4.2904,1.94,0.0,122,0,0,35.0,-2.154901959985743,1,0,0,0,0,1,0,0,0,0,1,0,0,0,0,0,0,0,0,0,0,0,0,0,0,0,0,0,0,0,0,0,0,0,0,0,0,0,0,0,0,0,0,0
CC(F)(F)CC(F)(F)CC(F)F,-0.3665315444204134,P050003,CNT,8.854999999999999,1.0,50355-5-1-2,50355,3,10.3134,10.5939,-3.4296,65.2,4.2904,1.94,0.0,122,0,0,35.0,-2.154901959985743,1,0,0,0,0,1,0,0,0,0,1,0,0,0,0,0,0,0,0,0,0,0,0,0,0,0,0,0,0,0,0,0,0,0,0,0,0,0,0,0,0,0,0,0
CC(F)(F)CC(F)(F)CC(F)F,-0.3279021420642826,P050003,CNT,11.068749999999998,1.0,50355-6-1-2,50355,3,10.3134,10.5939,-3.4296,65.2,4.2904,1.94,0.0,122,0,0,35.0,-2.154901959985743,1,0,0,0,0,1,0,0,0,0,1,0,0,0,0,0,0,0,0,0,0,0,0,0,0,0,0,0,0,0,0,0,0,0,0,0,0,0,0,0,0,0,0,0
CC(C=O)OC(=O)C(C)OC(=O)C(C)O,-0.744727494896694,P090176,GR,1.7444444444444445,1.0,47657-2-1-1,47657,10,6.0192,9.0694,-1.0863,109.54,4.7855,1.94,0.0,122,0,1,25.0,-2.958607314841775,0,0,0,0,1,1,0,1,0,0,0,0,0,0,0,0,1,0,0,0,0,0,0,0,0,0,0,0,0,0,0,0,0,0,0,0,0,0,0,0,0,0,0,0
CC(C=O)OC(=O)C(C)OC(=O)C(C)O,-0.6020599913279624,P090176,GR,3.925,1.0,47657-3-1-1,47657,10,6.0192,9.0694,-1.0863,109.54,4.7855,1.94,0.0,122,0,1,25.0,-2.958607314841775,0,0,0,0,1,1,0,1,0,0,0,0,0,0,0,0,1,0,0,0,0,0,0,0,0,0,0,0,0,0,0,0,0,0,0,0,0,0,0,0,0,0,0,0
CC(C=O)OC(=O)C(C)OC(=O)C(C)O,-0.2218487496163564,P090176,GR,2.9074074074074074,1.0,51880-2-1-2,51880,62,6.0192,9.0694,-1.0863,109.54,4.7855,1.94,0.0,122,0,1,35.0,-2.397940008672037,0,0,0,0,0,1,1,0,0,0,0,0,0,0,0,0,0,0,0,0,0,0,0,0,0,0,0,0,0,0,0,0,0,0,0,0,0,0,0,0,0,1,0,0
CC(C=O)OC(=O)C(C)OC(=O)C(C)O,0.041392685158225,P090176,GR,5.814814814814815,1.0,51880-3-1-2,51880,62,6.0192,9.0694,-1.0863,109.54,4.7855,1.94,0.0,122,0,1,35.0,-2.397940008672037,0,0,0,0,0,1,1,0,0,0,0,0,0,0,0,0,0,0,0,0,0,0,0,0,0,0,0,0,0,0,0,0,0,0,0,0,0,0,0,0,0,1,0,0
CC(C=O)OC(=O)C(C)OC(=O)C(C)O,0.1643528557844371,P090176,GR,11.0,1.0,47807-2-1-1,47807,8,6.0192,9.0694,-1.0863,109.54,4.7855,1.94,0.0,122,0,1,35.0,-2.6989700043360187,0,1,0,0,1,1,0,0,0,0,0,0,0,0,1,0,0,0,0,0,0,0,0,0,0,0,0,0,0,0,0,0,0,0,0,0,0,0,0,0,0,0,0,0
CC(C=O)OC(=O)C(C)OC(=O)C(C)O,0.3031960574204888,P090176,GR,22.0,1.0,47807-3-1-1,47807,8,6.0192,9.0694,-1.0863,109.54,4.7855,1.94,0.0,122,0,1,35.0,-2.6989700043360187,0,1,0,0,1,1,0,0,0,0,0,0,0,0,1,0,0,0,0,0,0,0,0,0,0,0,0,0,0,0,0,0,0,0,0,0,0,0,0,0,0,0,0,0
CC(C=O)OC(=O)C(C)OC(=O)C(C)O,0.414973347970818,P090176,GR,8.722222222222221,1.0,51880-4-1-2,51880,62,6.0192,9.0694,-1.0863,109.54,4.7855,1.94,0.0,122,0,1,35.0,-2.397940008672037,0,0,0,0,0,1,1,0,0,0,0,0,0,0,0,0,0,0,0,0,0,0,0,0,0,0,0,0,0,0,0,0,0,0,0,0,0,0,0,0,0,1,0,0
CC(C=O)OC(=O)C(C)OC(=O)C(C)O,0.5276299008713387,P090176,GR,33.0,1.0,47807-4-1-1,47807,8,6.0192,9.0694,-1.0863,109.54,4.7855,1.94,0.0,122,0,1,35.0,-2.6989700043360187,0,1,0,0,1,1,0,0,0,0,0,0,0,0,1,0,0,0,0,0,0,0,0,0,0,0,0,0,0,0,0,0,0,0,0,0,0,0,0,0,0,0,0,0
CC(C=O)OC(=O)C(C)OC(=O)C(C)O,0.6020599913279624,P090176,GR,11.62962962962963,1.0,51880-5-1-2,51880,62,6.0192,9.0694,-1.0863,109.54,4.7855,1.94,0.0,122,0,1,35.0,-2.397940008672037,0,0,0,0,0,1,1,0,0,0,0,0,0,0,0,0,0,0,0,0,0,0,0,0,0,0,0,0,0,0,0,0,0,0,0,0,0,0,0,0,0,1,0,0
CC(C=O)OC(=O)C(C)OC(=O)C(C)O,0.7489628612561614,P090176,GR,41.0,1.0,47807-5-1-1,47807,8,6.0192,9.0694,-1.0863,109.54,4.7855,1.94,0.0,122,0,1,35.0,-2.6989700043360187,0,1,0,0,1,1,0,0,0,0,0,0,0,0,1,0,0,0,0,0,0,0,0,0,0,0,0,0,0,0,0,0,0,0,0,0,0,0,0,0,0,0,0,0
CC(C=O)OC(=O)C(C)OC(=O)C(C)O,0.8633228601204559,P090176,GR,17.444444444444443,1.0,51880-6-1-2,51880,62,6.0192,9.0694,-1.0863,109.54,4.7855,1.94,0.0,122,0,1,35.0,-2.397940008672037,0,0,0,0,0,1,1,0,0,0,0,0,0,0,0,0,0,0,0,0,0,0,0,0,0,0,0,0,0,0,0,0,0,0,0,0,0,0,0,0,0,1,0,0
CC(C=O)OC(=O)C(C)OC(=O)C(C)O,1.2380461031287957,P090176,GR,29.07407407407408,1.0,51880-7-1-2,51880,62,6.0192,9.0694,-1.0863,109.54,4.7855,1.94,0.0,122,0,1,35.0,-2.397940008672037,0,0,0,0,0,1,1,0,0,0,0,0,0,0,0,0,0,0,0,0,0,0,0,0,0,0,0,0,0,0,0,0,0,0,0,0,0,0,0,0,0,1,0,0
CC(C=O)OC(=O)C(C)OC(=O)C(C)O,1.4292676664331685,P090176,GR,40.7037037037037,1.0,51880-8-1-2,51880,62,6.0192,9.0694,-1.0863,109.54,4.7855,1.94,0.0,122,0,1,35.0,-2.397940008672037,0,0,0,0,0,1,1,0,0,0,0,0,0,0,0,0,0,0,0,0,0,0,0,0,0,0,0,0,0,0,0,0,0,0,0,0,0,0,0,0,0,1,0,0
CCCCCC(=O)NCCCCCC(=O)NCCCCCC(N)=O,-0.3279021420642826,P100004,Cu,10.0,1.0,36640-2-1-1,36640,2,7.245,7.8124,-2.0934,222.77,2.2876,9.22,0.0,139,1,1,35.0,-2.494850021680094,0,0,0,0,0,1,0,1,0,1,0,0,0,0,0,0,0,0,0,0,0,0,0,0,0,0,0,0,0,0,0,0,0,0,0,0,0,0,0,0,0,0,0,0
CCCCCC(=O)NCCCCCC(=O)NCCCCCC(N)=O,-0.2146701649892329,P100004,Cu,30.0,1.0,36640-3-1-1,36640,2,7.245,7.8124,-2.0934,222.77,2.2876,9.22,0.0,139,1,1,35.0,-2.494850021680094,0,0,0,0,0,1,0,1,0,1,0,0,0,0,0,0,0,0,0,0,0,0,0,0,0,0,0,0,0,0,0,0,0,0,0,0,0,0,0,0,0,0,0,0
CCCCCC(=O)NCCCCCC(=O)NCCCCCC(N)=O,-0.1249387366082999,P100004,GR,5.0,1.0,34485-8-1-1,34485,31,7.245,7.8124,-2.0934,222.77,2.2876,1.94,0.0,122,0,1,35.0,-3.0,1,1,0,0,0,1,0,0,0,0,0,0,0,0,0,0,0,0,0,0,0,0,0,1,0,0,0,0,0,0,0,0,0,0,0,0,0,0,0,0,0,0,0,0
CCCCCC(=O)NCCCCCC(=O)NCCCCCC(N)=O,-0.1023729087095585,P100004,GR,2.6388888888888884,1.0,49084-2-1-1,49084,7,7.245,7.8124,-2.0934,222.77,2.2876,1.94,0.0,122,0,1,35.0,-2.397940008672037,1,0,0,0,0,1,0,1,0,0,0,0,0,1,0,0,0,0,0,0,0,0,0,0,0,0,0,0,0,0,0,0,0,0,0,0,0,0,0,0,0,0,0,0
CCCCCC(=O)NCCCCCC(=O)NCCCCCC(N)=O,-0.0969100130080563,P100004,GR,2.6388888888888884,1.0,46639-2-1-2,46639,7,7.245,7.8124,-2.0934,222.77,2.2876,1.94,0.0,122,0,1,35.0,-2.397940008672037,1,0,0,0,0,1,0,1,0,0,0,0,0,1,0,0,0,0,0,0,0,0,0,0,0,0,0,0,0,0,0,0,0,0,0,0,0,0,0,0,0,0,0,0
CCCCCC(=O)NCCCCCC(=O)NCCCCCC(N)=O,-0.0457574905606751,P100004,GR,5.277777777777777,1.0,46639-3-1-2,46639,7,7.245,7.8124,-2.0934,222.77,2.2876,1.94,0.0,122,0,1,35.0,-2.397940008672037,1,0,0,0,0,1,0,1,0,0,0,0,0,1,0,0,0,0,0,0,0,0,0,0,0,0,0,0,0,0,0,0,0,0,0,0,0,0,0,0,0,0,0,0
CCCCCC(=O)NCCCCCC(=O)NCCCCCC(N)=O,0.0293837776852096,P100004,Cu,10.0,1.0,36640-8-1-1,36640,2,7.245,7.8124,-2.0934,222.77,2.2876,9.22,0.0,139,1,1,35.0,-2.494850021680094,0,0,0,0,0,1,0,1,0,1,0,0,0,0,0,0,0,0,0,0,0,0,0,0,0,0,0,0,0,0,0,0,0,0,0,0,0,0,0,0,0,0,0,0
CCCCCC(=O)NCCCCCC(=O)NCCCCCC(N)=O,0.0293837776852096,P100004,Cu,10.0,1.0,36640-5-1-1,36640,2,7.245,7.8124,-2.0934,222.77,2.2876,9.22,0.0,139,1,1,35.0,-2.494850021680094,0,0,0,0,0,1,0,1,0,1,0,0,0,0,0,0,0,0,0,0,0,0,0,0,0,0,0,0,0,0,0,0,0,0,0,0,0,0,0,0,0,0,0,0
CCCCCC(=O)NCCCCCC(=O)NCCCCCC(N)=O,0.1986570869544226,P100004,GR,5.277777777777777,1.0,49084-3-1-1,49084,7,7.245,7.8124,-2.0934,222.77,2.2876,1.94,0.0,122,0,1,35.0,-2.397940008672037,1,0,0,0,0,1,0,1,0,0,0,0,0,1,0,0,0,0,0,0,0,0,0,0,0,0,0,0,0,0,0,0,0,0,0,0,0,0,0,0,0,0,0,0
CCCCCC(=O)NCCCCCC(=O)NCCCCCC(N)=O,0.2041199826559248,P100004,GR,10.0,1.0,34485-9-1-1,34485,31,7.245,7.8124,-2.0934,222.77,2.2876,1.94,0.0,122,0,1,35.0,-3.0,1,1,0,0,0,1,0,0,0,0,0,0,0,0,0,0,0,0,0,0,0,0,0,1,0,0,0,0,0,0,0,0,0,0,0,0,0,0,0,0,0,0,0,0
CCCCCC(=O)NCCCCCC(=O)NCCCCCC(N)=O,0.2933625547114455,P100004,GR,7.916666666666665,1.0,46639-4-1-2,46639,7,7.245,7.8124,-2.0934,222.77,2.2876,1.94,0.0,122,0,1,35.0,-2.397940008672037,1,0,0,0,0,1,0,1,0,0,0,0,0,1,0,0,0,0,0,0,0,0,0,0,0,0,0,0,0,0,0,0,0,0,0,0,0,0,0,0,0,0,0,0
CCCCCC(=O)NCCCCCC(=O)NCCCCCC(N)=O,0.353531559077762,P100004,GR,7.916666666666665,1.0,49084-4-1-1,49084,7,7.245,7.8124,-2.0934,222.77,2.2876,1.94,0.0,122,0,1,35.0,-3.0,1,0,0,0,0,1,0,1,0,0,0,0,0,1,0,0,0,0,0,0,0,0,0,0,0,0,0,0,0,0,0,0,0,0,0,0,0,0,0,0,0,0,0,0
CCCCCC(=O)NCCCCCC(=O)NCCCCCC(N)=O,0.4393326938302626,P100004,GR,15.0,1.0,34485-10-1-1,34485,31,7.245,7.8124,-2.0934,222.77,2.2876,1.94,0.0,122,0,1,35.0,-3.0,1,1,0,0,0,1,0,0,0,0,0,0,0,0,0,0,0,0,0,0,0,0,0,1,0,0,0,0,0,0,0,0,0,0,0,0,0,0,0,0,0,0,0,0
CCCCCC(=O)NCCCCCC(=O)NCCCCCC(N)=O,0.5314789170422551,P100004,GR,10.555555555555554,1.0,46639-5-1-2,46639,7,7.245,7.8124,-2.0934,222.77,2.2876,1.94,0.0,122,0,1,35.0,-2.397940008672037,1,0,0,0,0,1,0,1,0,0,0,0,0,1,0,0,0,0,0,0,0,0,0,0,0,0,0,0,0,0,0,0,0,0,0,0,0,0,0,0,0,0,0,0
CCCCCC(=O)NCCCCCC(=O)NCCCCCC(N)=O,0.5634810853944107,P100004,Cu,60.0,1.0,36640-4-1-1,36640,2,7.245,7.8124,-2.0934,222.77,2.2876,9.22,0.0,139,1,1,35.0,-2.494850021680094,0,0,0,0,0,1,0,1,0,1,0,0,0,0,0,0,0,0,0,0,0,0,0,0,0,0,0,0,0,0,0,0,0,0,0,0,0,0,0,0,0,0,0,0
CCCCCC(=O)NCCCCCC(=O)NCCCCCC(N)=O,0.5634810853944107,P100004,Cu,30.0,1.0,36640-6-1-1,36640,2,7.245,7.8124,-2.0934,222.77,2.2876,9.22,0.0,139,1,1,35.0,-2.494850021680094,0,0,0,0,0,1,0,1,0,1,0,0,0,0,0,0,0,0,0,0,0,0,0,0,0,0,0,0,0,0,0,0,0,0,0,0,0,0,0,0,0,0,0,0
CCCCCC(=O)NCCCCCC(=O)NCCCCCC(N)=O,0.5843312243675308,P100004,GR,10.555555555555554,1.0,49084-5-1-1,49084,7,7.245,7.8124,-2.0934,222.77,2.2876,1.94,0.0,122,0,1,35.0,-2.397940008672037,1,0,0,0,0,1,0,1,0,0,0,0,0,1,0,0,0,0,0,0,0,0,0,0,0,0,0,0,0,0,0,0,0,0,0,0,0,0,0,0,0,0,0,0
CCCCCC(=O)NCCCCCC(=O)NCCCCCC(N)=O,0.6127838567197355,P100004,GR,20.0,1.0,34485-11-1-1,34485,31,7.245,7.8124,-2.0934,222.77,2.2876,1.94,0.0,122,0,1,35.0,-3.0,1,1,0,0,0,1,0,0,0,0,0,0,0,0,0,0,0,0,0,0,0,0,0,1,0,0,0,0,0,0,0,0,0,0,0,0,0,0,0,0,0,0,0,0
CCCCCC(=O)NCCCCCC(=O)NCCCCCC(N)=O,0.9400181550076632,P100004,Cu,30.0,1.0,36640-9-1-1,36640,2,7.245,7.8124,-2.0934,222.77,2.2876,9.22,0.0,139,1,1,35.0,-2.494850021680094,0,0,0,0,0,1,0,1,0,1,0,0,0,0,0,0,0,0,0,0,0,0,0,0,0,0,0,0,0,0,0,0,0,0,0,0,0,0,0,0,0,0,0,0
CCCCCC(=O)NCCCCCC(=O)NCCCCCC(N)=O,0.9590413923210936,P100004,GR,18.47222222222221,1.0,49084-6-1-1,49084,7,7.245,7.8124,-2.0934,222.77,2.2876,1.94,0.0,122,0,1,35.0,-2.397940008672037,1,0,0,0,0,1,0,1,0,0,0,0,0,1,0,0,0,0,0,0,0,0,0,0,0,0,0,0,0,0,0,0,0,0,0,0,0,0,0,0,0,0,0,0
CCCCCC(=O)NCCCCCC(=O)NCCCCCC(N)=O,1.0413926851582251,P100004,GR,18.47222222222221,1.0,46639-6-1-2,46639,7,7.245,7.8124,-2.0934,222.77,2.2876,1.94,0.0,122,0,1,35.0,-2.397940008672037,1,0,0,0,0,1,0,1,0,0,0,0,0,1,0,0,0,0,0,0,0,0,0,0,0,0,0,0,0,0,0,0,0,0,0,0,0,0,0,0,0,0,0,0
CCCCCC(=O)NCCCCCC(=O)NCCCCCC(N)=O,1.0633333589517495,P100004,Cu,60.0,1.0,36640-7-1-1,36640,2,7.245,7.8124,-2.0934,222.77,2.2876,9.22,0.0,139,1,1,35.0,-2.494850021680094,0,0,0,0,0,1,0,1,0,1,0,0,0,0,0,0,0,0,0,0,0,0,0,0,0,0,0,0,0,0,0,0,0,0,0,0,0,0,0,0,0,0,0,0
CCCCCC(=O)NCCCCCC(=O)NCCCCCC(N)=O,1.2148438480476975,P100004,GR,26.38888888888889,1.0,49084-7-1-1,49084,7,7.245,7.8124,-2.0934,222.77,2.2876,1.94,0.0,122,0,1,35.0,-3.0,1,0,0,0,0,1,0,1,0,0,0,0,0,1,0,0,0,0,0,0,0,0,0,0,0,0,0,0,0,0,0,0,0,0,0,0,0,0,0,0,0,0,0,0
CCCCCC(=O)NCCCCCC(=O)NCCCCCC(N)=O,1.323252100171687,P100004,GR,31.66666666666666,1.0,49084-8-1-1,49084,7,7.245,7.8124,-2.0934,222.77,2.2876,1.94,0.0,122,0,1,35.0,-2.494850021680094,1,0,0,0,0,1,0,1,0,0,0,0,0,1,0,0,0,0,0,0,0,0,0,0,0,0,0,0,0,0,0,0,0,0,0,0,0,0,0,0,0,0,0,0
CCCCCC(=O)NCCCCCC(=O)NCCCCCC(N)=O,1.509605704611556,P100004,GR,36.94444444444444,1.0,46639-7-1-1,46639,7,7.245,7.8124,-2.0934,222.77,2.2876,1.94,0.0,122,0,1,35.0,-2.397940008672037,1,0,0,0,0,1,0,1,0,0,0,0,0,1,0,0,0,0,0,0,0,0,0,0,0,0,0,0,0,0,0,0,0,0,0,0,0,0,0,0,0,0,0,0
CC(C)(c1ccccc1)c1ccc(OC(=O)Oc2ccc(C(C)(C)c3ccc(OC(=O)Oc4ccc(C(C)(C)c5ccc(OC(=O)O)cc5)cc4)cc3)cc2)cc1,-0.6575773191777937,P150011,CNT,0.2857142857142857,1.0,39906-3-1-1,39906,56,5.4861,7.0355,-0.5794,531.27,0.4926,1.94,0.0,122,0,0,50.0,-2.494850021680094,0,1,0,0,0,0,0,0,0,0,0,0,0,0,0,0,0,0,0,0,0,0,0,0,0,0,0,0,0,0,0,0,0,0,0,0,0,0,1,0,0,0,0,0
CC(C)(c1ccccc1)c1ccc(OC(=O)Oc2ccc(C(C)(C)c3ccc(OC(=O)Oc4ccc(C(C)(C)c5ccc(OC(=O)O)cc5)cc4)cc3)cc2)cc1,-0.4436974992327127,P150011,CNT,0.2857142857142857,1.0,39906-3-1-1,39906,56,5.4861,7.0355,-0.5794,531.27,0.4926,1.94,0.0,122,0,0,200.0,-2.494850021680094,0,1,0,0,0,0,0,0,0,0,0,0,0,0,0,0,0,0,0,0,0,0,0,0,0,0,0,0,0,0,0,0,0,0,0,0,0,0,1,0,0,0,0,0
CC(C)(c1ccccc1)c1ccc(OC(=O)Oc2ccc(C(C)(C)c3ccc(OC(=O)Oc4ccc(C(C)(C)c5ccc(OC(=O)O)cc5)cc4)cc3)cc2)cc1,-0.6478174818886375,P150011,CNT,0.7499999999999999,1.0,90761-7-1-1,90761,16,5.4861,7.0355,-0.5794,531.27,0.4926,1.94,0.0,122,0,0,55.0,-2.468521082957745,0,0,0,1,0,1,0,0,0,0,0,0,0,0,0,0,0,0,0,0,1,0,0,0,0,0,0,0,0,0,0,0,0,0,0,0,0,0,0,0,0,0,0,0
CC(C)(c1ccccc1)c1ccc(OC(=O)Oc2ccc(C(C)(C)c3ccc(OC(=O)Oc4ccc(C(C)(C)c5ccc(OC(=O)O)cc5)cc4)cc3)cc2)cc1,-0.6420651529995461,P150011,CB,1.2307692307692308,1.0,90761-2-1-1,90761,16,5.4861,7.0355,-0.5794,531.27,0.4926,1.94,0.0,122,1,0,55.0,-2.468521082957745,0,0,0,1,0,1,0,0,0,0,0,0,0,0,0,0,0,0,0,0,1,0,0,0,0,0,0,0,0,0,0,0,0,0,0,0,0,0,0,0,0,0,0,0
CC(C)(c1ccccc1)c1ccc(OC(=O)Oc2ccc(C(C)(C)c3ccc(OC(=O)Oc4ccc(C(C)(C)c5ccc(OC(=O)O)cc5)cc4)cc3)cc2)cc1,-0.6345120151091003,P150011,CNT,1.4999999999999998,1.0,90761-8-1-1,90761,16,5.4861,7.0355,-0.5794,531.27,0.4926,1.94,0.0,122,0,0,55.0,-2.468521082957745,0,0,0,1,0,1,0,0,0,0,0,0,0,0,0,0,0,0,0,0,1,0,0,0,0,0,0,0,0,0,0,0,0,0,0,0,0,0,0,0,0,0,0,0
CC(C)(c1ccccc1)c1ccc(OC(=O)Oc2ccc(C(C)(C)c3ccc(OC(=O)Oc4ccc(C(C)(C)c5ccc(OC(=O)O)cc5)cc4)cc3)cc2)cc1,-0.6345120151091003,P150011,CNT,1.4999999999999998,1.0,49214-2-1-1,49214,9,5.4861,7.0355,-0.5794,531.27,0.4926,1.94,0.0,122,0,0,55.0,-2.494850021680094,0,1,0,0,0,1,0,0,0,0,0,0,0,0,0,1,0,0,0,0,0,0,0,0,0,0,0,0,0,0,0,0,0,0,0,0,0,0,0,0,0,0,0,0
CC(C)(c1ccccc1)c1ccc(OC(=O)Oc2ccc(C(C)(C)c3ccc(OC(=O)Oc4ccc(C(C)(C)c5ccc(OC(=O)O)cc5)cc4)cc3)cc2)cc1,-0.6179829574251317,P150011,CNT,2.25,1.0,49214-3-1-1,49214,9,5.4861,7.0355,-0.5794,531.27,0.4926,1.94,0.0,122,0,0,55.0,-2.494850021680094,0,1,0,0,0,1,0,0,0,0,0,0,0,0,0,1,0,0,0,0,0,0,0,0,0,0,0,0,0,0,0,0,0,0,0,0,0,0,0,0,0,0,0,0
CC(C)(c1ccccc1)c1ccc(OC(=O)Oc2ccc(C(C)(C)c3ccc(OC(=O)Oc4ccc(C(C)(C)c5ccc(OC(=O)O)cc5)cc4)cc3)cc2)cc1,-0.6108339156354675,P150011,CB,2.4615384615384617,1.0,90761-3-1-1,90761,16,5.4861,7.0355,-0.5794,531.27,0.4926,1.94,0.0,122,1,0,55.0,-2.468521082957745,0,0,0,1,0,1,0,0,0,0,0,0,0,0,0,0,0,0,0,0,1,0,0,0,0,0,0,0,0,0,0,0,0,0,0,0,0,0,0,0,0,0,0,0
CC(C)(c1ccccc1)c1ccc(OC(=O)Oc2ccc(C(C)(C)c3ccc(OC(=O)Oc4ccc(C(C)(C)c5ccc(OC(=O)O)cc5)cc4)cc3)cc2)cc1,-0.5934598195660448,P150011,CNT,3.0,1.0,90761-9-1-1,90761,16,5.4861,7.0355,-0.5794,531.27,0.4926,1.94,0.0,122,0,0,55.0,-2.468521082957745,0,0,0,1,0,1,0,0,0,0,0,0,0,0,0,0,0,0,0,0,1,0,0,0,0,0,0,0,0,0,0,0,0,0,0,0,0,0,0,0,0,0,0,0
CC(C)(c1ccccc1)c1ccc(OC(=O)Oc2ccc(C(C)(C)c3ccc(OC(=O)Oc4ccc(C(C)(C)c5ccc(OC(=O)O)cc5)cc4)cc3)cc2)cc1,-0.5934598195660448,P150011,CNT,3.0,1.0,49214-4-1-1,49214,9,5.4861,7.0355,-0.5794,531.27,0.4926,1.94,0.0,122,0,0,55.0,-2.494850021680094,0,1,0,0,0,1,0,0,0,0,0,0,0,0,0,1,0,0,0,0,0,0,0,0,0,0,0,0,0,0,0,0,0,0,0,0,0,0,0,0,0,0,0,0
CC(C)(c1ccccc1)c1ccc(OC(=O)Oc2ccc(C(C)(C)c3ccc(OC(=O)Oc4ccc(C(C)(C)c5ccc(OC(=O)O)cc5)cc4)cc3)cc2)cc1,-0.585026652029182,P150011,CB,3.692307692307693,1.0,90761-4-1-1,90761,16,5.4861,7.0355,-0.5794,531.27,0.4926,1.94,0.0,122,1,0,55.0,-2.468521082957745,0,0,0,1,0,1,0,0,0,0,0,0,0,0,0,0,0,0,0,0,1,0,0,0,0,0,0,0,0,0,0,0,0,0,0,0,0,0,0,0,0,0,0,0
CC(C)(c1ccccc1)c1ccc(OC(=O)Oc2ccc(C(C)(C)c3ccc(OC(=O)Oc4ccc(C(C)(C)c5ccc(OC(=O)O)cc5)cc4)cc3)cc2)cc1,-0.575118363368933,P150011,CNT,3.75,1.0,49214-5-1-1,49214,9,5.4861,7.0355,-0.5794,531.27,0.4926,1.94,0.0,122,0,0,55.0,-2.494850021680094,0,1,0,0,0,1,0,0,0,0,0,0,0,0,0,1,0,0,0,0,0,0,0,0,0,0,0,0,0,0,0,0,0,0,0,0,0,0,0,0,0,0,0,0
CC(C)(c1ccccc1)c1ccc(OC(=O)Oc2ccc(C(C)(C)c3ccc(OC(=O)Oc4ccc(C(C)(C)c5ccc(OC(=O)O)cc5)cc4)cc3)cc2)cc1,-0.5606673061697374,P150011,CNT,4.499999999999999,1.0,49214-6-1-1,49214,9,5.4861,7.0355,-0.5794,531.27,0.4926,1.94,0.0,122,0,0,55.0,-2.494850021680094,0,1,0,0,0,1,0,0,0,0,0,0,0,0,0,1,0,0,0,0,0,0,0,0,0,0,0,0,0,0,0,0,0,0,0,0,0,0,0,0,0,0,0,0
CC(C)(c1ccccc1)c1ccc(OC(=O)Oc2ccc(C(C)(C)c3ccc(OC(=O)Oc4ccc(C(C)(C)c5ccc(OC(=O)O)cc5)cc4)cc3)cc2)cc1,-0.5606673061697374,P150011,CNT,4.499999999999999,1.0,90761-10-1-1,90761,16,5.4861,7.0355,-0.5794,531.27,0.4926,1.94,0.0,122,0,0,55.0,-2.468521082957745,0,0,0,1,0,1,0,0,0,0,0,0,0,0,0,0,0,0,0,0,1,0,0,0,0,0,0,0,0,0,0,0,0,0,0,0,0,0,0,0,0,0,0,0
CC(C)(c1ccccc1)c1ccc(OC(=O)Oc2ccc(C(C)(C)c3ccc(OC(=O)Oc4ccc(C(C)(C)c5ccc(OC(=O)O)cc5)cc4)cc3)cc2)cc1,-0.5606673061697374,P150011,CB,4.923076923076923,1.0,90761-5-1-1,90761,16,5.4861,7.0355,-0.5794,531.27,0.4926,1.94,0.0,122,1,0,55.0,-2.468521082957745,0,0,0,1,0,1,0,0,0,0,0,0,0,0,0,0,0,0,0,0,1,0,0,0,0,0,0,0,0,0,0,0,0,0,0,0,0,0,0,0,0,0,0,0
CC(C)(c1ccccc1)c1ccc(OC(=O)Oc2ccc(C(C)(C)c3ccc(OC(=O)Oc4ccc(C(C)(C)c5ccc(OC(=O)O)cc5)cc4)cc3)cc2)cc1,-0.5528419686577808,P150011,CNT,1.4285714285714284,1.0,50778-1-1-2,50778,60,5.4861,7.0355,-0.5794,531.27,0.4926,1.94,0.0,122,0,0,23.0,-2.6989700043360187,0,1,0,0,1,1,0,0,0,0,0,0,0,0,0,0,0,0,0,0,0,0,0,0,0,0,0,0,0,0,0,0,0,0,0,0,0,0,0,0,1,0,0,0
CC(C)(c1ccccc1)c1ccc(OC(=O)Oc2ccc(C(C)(C)c3ccc(OC(=O)Oc4ccc(C(C)(C)c5ccc(OC(=O)O)cc5)cc4)cc3)cc2)cc1,-0.5376020021010439,P150011,CB,21.53846153846154,1.0,26874-7-1-1,26874,44,5.4861,7.0355,-0.5794,531.27,0.4926,1.94,0.0,122,1,0,35.0,-0.8538719643217619,0,0,1,0,0,1,0,0,0,0,0,0,0,0,0,0,0,0,0,0,0,0,0,0,0,0,0,0,0,0,0,0,1,0,0,0,0,0,0,0,0,0,0,0
CC(C)(c1ccccc1)c1ccc(OC(=O)Oc2ccc(C(C)(C)c3ccc(OC(=O)Oc4ccc(C(C)(C)c5ccc(OC(=O)O)cc5)cc4)cc3)cc2)cc1,-0.5376020021010439,P150011,CNT,0.5714285714285714,1.0,39906-4-1-1,39906,56,5.4861,7.0355,-0.5794,531.27,0.4926,1.94,0.0,122,0,0,50.0,-2.494850021680094,0,1,0,0,0,0,0,0,0,0,0,0,0,0,0,0,0,0,0,0,0,0,0,0,0,0,0,0,0,0,0,0,0,0,0,0,0,0,1,0,0,0,0,0
CC(C)(c1ccccc1)c1ccc(OC(=O)Oc2ccc(C(C)(C)c3ccc(OC(=O)Oc4ccc(C(C)(C)c5ccc(OC(=O)O)cc5)cc4)cc3)cc2)cc1,-0.4202164033831898,P150011,CNT,0.5714285714285714,1.0,39906-4-1-1,39906,56,5.4861,7.0355,-0.5794,531.27,0.4926,1.94,0.0,122,0,0,200.0,-2.494850021680094,0,1,0,0,0,0,0,0,0,0,0,0,0,0,0,0,0,0,0,0,0,0,0,0,0,0,0,0,0,0,0,0,0,0,0,0,0,0,1,0,0,0,0,0
CC(C)(c1ccccc1)c1ccc(OC(=O)Oc2ccc(C(C)(C)c3ccc(OC(=O)Oc4ccc(C(C)(C)c5ccc(OC(=O)O)cc5)cc4)cc3)cc2)cc1,-0.5361070110140927,P150011,CB,6.153846153846154,1.0,90761-6-1-1,90761,16,5.4861,7.0355,-0.5794,531.27,0.4926,1.94,0.0,122,1,0,55.0,-2.468521082957745,0,0,0,1,0,1,0,0,0,0,0,0,0,0,0,0,0,0,0,0,1,0,0,0,0,0,0,0,0,0,0,0,0,0,0,0,0,0,0,0,0,0,0,0
CC(C)(c1ccccc1)c1ccc(OC(=O)Oc2ccc(C(C)(C)c3ccc(OC(=O)Oc4ccc(C(C)(C)c5ccc(OC(=O)O)cc5)cc4)cc3)cc2)cc1,-0.51427857351842,P150011,CNT,5.999999999999999,1.0,49214-7-1-1,49214,9,5.4861,7.0355,-0.5794,531.27,0.4926,1.94,0.0,122,0,0,55.0,-2.494850021680094,0,1,0,0,0,1,0,0,0,0,0,0,0,0,0,1,0,0,0,0,0,0,0,0,0,0,0,0,0,0,0,0,0,0,0,0,0,0,0,0,0,0,0,0
CC(C)(c1ccccc1)c1ccc(OC(=O)Oc2ccc(C(C)(C)c3ccc(OC(=O)Oc4ccc(C(C)(C)c5ccc(OC(=O)O)cc5)cc4)cc3)cc2)cc1,-0.51427857351842,P150011,CNT,5.999999999999999,1.0,90761-11-1-1,90761,16,5.4861,7.0355,-0.5794,531.27,0.4926,1.94,0.0,122,0,0,55.0,-2.468521082957745,0,0,0,1,0,1,0,0,0,0,0,0,0,0,0,0,0,0,0,0,1,0,0,0,0,0,0,0,0,0,0,0,0,0,0,0,0,0,0,0,0,0,0,0
CC(C)(c1ccccc1)c1ccc(OC(=O)Oc2ccc(C(C)(C)c3ccc(OC(=O)Oc4ccc(C(C)(C)c5ccc(OC(=O)O)cc5)cc4)cc3)cc2)cc1,-0.4814860601221125,P150011,CNT,1.4285714285714284,1.0,50778-3-1-2,50778,60,5.4861,7.0355,-0.5794,531.27,0.4926,1.94,0.0,122,0,0,23.0,-2.6989700043360187,0,1,0,0,1,1,0,0,0,0,0,0,0,0,0,0,0,0,0,0,0,0,0,0,0,0,0,0,0,0,0,0,0,0,0,0,0,0,0,0,1,0,0,0
CC(C)(c1ccccc1)c1ccc(OC(=O)Oc2ccc(C(C)(C)c3ccc(OC(=O)Oc4ccc(C(C)(C)c5ccc(OC(=O)O)cc5)cc4)cc3)cc2)cc1,-0.4814860601221125,P150011,CNT,1.1428571428571428,1.0,39906-5-1-1,39906,56,5.4861,7.0355,-0.5794,531.27,0.4926,1.94,0.0,122,0,0,50.0,-2.494850021680094,0,1,0,0,0,0,0,0,0,0,0,0,0,0,0,0,0,0,0,0,0,0,0,0,0,0,0,0,0,0,0,0,0,0,0,0,0,0,1,0,0,0,0,0
CC(C)(c1ccccc1)c1ccc(OC(=O)Oc2ccc(C(C)(C)c3ccc(OC(=O)Oc4ccc(C(C)(C)c5ccc(OC(=O)O)cc5)cc4)cc3)cc2)cc1,-0.4089353929735008,P150011,CNT,1.1428571428571428,1.0,39906-5-1-1,39906,56,5.4861,7.0355,-0.5794,531.27,0.4926,1.94,0.0,122,0,0,200.0,-2.494850021680094,0,1,0,0,0,0,0,0,0,0,0,0,0,0,0,0,0,0,0,0,0,0,0,0,0,0,0,0,0,0,0,0,0,0,0,0,0,0,1,0,0,0,0,0
CC(C)(c1ccccc1)c1ccc(OC(=O)Oc2ccc(C(C)(C)c3ccc(OC(=O)Oc4ccc(C(C)(C)c5ccc(OC(=O)O)cc5)cc4)cc3)cc2)cc1,-0.4559319556497244,P150011,CNT,2.8571428571428568,1.0,39906-6-1-1,39906,56,5.4861,7.0355,-0.5794,531.27,0.4926,1.94,0.0,122,0,0,50.0,-2.494850021680094,0,1,0,0,0,0,0,0,0,0,0,0,0,0,0,0,0,0,0,0,0,0,0,0,0,0,0,0,0,0,0,0,0,0,0,0,0,0,1,0,0,0,0,0
CC(C)(c1ccccc1)c1ccc(OC(=O)Oc2ccc(C(C)(C)c3ccc(OC(=O)Oc4ccc(C(C)(C)c5ccc(OC(=O)O)cc5)cc4)cc3)cc2)cc1,-0.3979400086720376,P150011,CNT,2.8571428571428568,1.0,39906-6-1-1,39906,56,5.4861,7.0355,-0.5794,531.27,0.4926,1.94,0.0,122,0,0,200.0,-2.494850021680094,0,1,0,0,0,0,0,0,0,0,0,0,0,0,0,0,0,0,0,0,0,0,0,0,0,0,0,0,0,0,0,0,0,0,0,0,0,0,1,0,0,0,0,0
Nc1ccc(Nc2ccc(Nc3ccccc3)cc2)cc1,-0.585026652029182,P460064,CNT,2.9571428571428573,1.0,49120-2-1-1,49120,36,4.1734,5.7384,-1.3448,233.66,1.6159,1.94,0.0,122,0,0,23.0,-2.494850021680094,0,1,0,0,1,1,0,0,0,0,0,0,0,0,0,0,0,0,0,0,0,0,0,0,0,0,0,0,1,0,0,0,0,0,0,0,0,0,0,0,0,0,0,0
Nc1ccc(Nc2ccc(Nc3ccccc3)cc2)cc1,-0.4814860601221125,P460064,CNT,5.914285714285715,1.0,49120-3-1-1,49120,36,4.1734,5.7384,-1.3448,233.66,1.6159,1.94,0.0,122,0,0,23.0,-2.494850021680094,0,1,0,0,1,1,0,0,0,0,0,0,0,0,0,0,0,0,0,0,0,0,0,0,0,0,0,0,1,0,0,0,0,0,0,0,0,0,0,0,0,0,0,0
Nc1ccc(Nc2ccc(Nc3ccccc3)cc2)cc1,-0.431798275933005,P460064,CNT,8.871428571428572,1.0,49120-4-1-1,49120,36,4.1734,5.7384,-1.3448,233.66,1.6159,1.94,0.0,122,0,0,23.0,-2.494850021680094,0,1,0,0,1,1,0,0,0,0,0,0,0,0,0,0,0,0,0,0,0,0,0,0,0,0,0,0,1,0,0,0,0,0,0,0,0,0,0,0,0,0,0,0
Nc1ccc(Nc2ccc(Nc3ccccc3)cc2)cc1,-0.431798275933005,P460064,CNT,11.82857142857143,1.0,49120-5-1-1,49120,36,4.1734,5.7384,-1.3448,233.66,1.6159,1.94,0.0,122,0,0,23.0,-2.494850021680094,0,1,0,0,1,1,0,0,0,0,0,0,0,0,0,0,0,0,0,0,0,0,0,0,0,0,0,0,1,0,0,0,0,0,0,0,0,0,0,0,0,0,0,0
Nc1ccc(Nc2ccc(Nc3ccccc3)cc2)cc1,-0.3279021420642826,P460064,CNT,17.742857142857144,1.0,49120-6-1-1,49120,36,4.1734,5.7384,-1.3448,233.66,1.6159,1.94,0.0,122,0,0,23.0,-2.494850021680094,0,1,0,0,1,1,0,0,0,0,0,0,0,0,0,0,0,0,0,0,0,0,0,0,0,0,0,0,1,0,0,0,0,0,0,0,0,0,0,0,0,0,0,0
